Product Category,SKU,Supplier Name,Plant Location,Warehouse,Transport Mode,Order Priority,Order Quantity,Unit Price,Revenue Generated,Manufacturing Cost,Shipping Cost,Storage Cost,Stock Level,Reorder Point,Lead Time (Days),Manufacturing Lead Time,Shipping Time (Days),Production Volume,Defect Rate,Inspection Status,On Time Delivery,Return Rate,Customer Satisfaction,Order Date
Spare Parts,SKU0062,SAIL,Nagpur Plant,WH-East,Road,Medium,80,17179.75,1047689.65,626349.52,10950.78,10107.27,462,263,36,15,6,2230,0.0743,Pass,Yes,0.0097,2.5,2023-01-01 00:00:00
Packaging,SKU0084,Hindalco,Nagpur Plant,WH-South,Courier,Medium,947,49977.42,60425.01,798122.03,40251.86,15476.77,989,241,23,18,2,4571,0.0538,Pass,Yes,0.0691,3.0,2023-01-01 16:00:00
Finished Goods,SKU0112,Hindalco,Bhopal Plant,WH-West,Air,High,577,20584.68,1879906.8,160994.35,15221.32,7280.8,1131,285,37,3,12,2496,0.0234,Pending,Yes,0.0673,4.0,2023-01-02 08:00:00
Packaging,SKU0086,Tata Steel,Indore Plant,WH-East,Courier,High,698,11414.18,858889.48,373124.15,5976.04,26306.15,121,94,12,14,10,4466,0.0787,Pass,No,0.0526,3.4,2023-01-03 00:00:00
Packaging,SKU0141,SAIL,Katni Plant,WH-East,Air,High,378,38242.9,834553.16,350477.28,50167.27,3526.17,16,203,30,2,11,1606,0.0187,Pass,Yes,0.0407,5.0,2023-01-03 16:00:00
Semi-Finished,SKU0187,Vedanta,Nagpur Plant,WH-Central,Air,Medium,215,27352.31,811657.53,250549.1,18207.11,15134.15,1219,126,36,14,7,2258,0.067,Pass,No,0.058,2.6,2023-01-04 08:00:00
Finished Goods,SKU0019,Hindalco,Katni Plant,WH-Central,Air,High,508,7905.27,185190.24,166495.46,47840.37,21051.07,326,242,16,11,9,3016,0.0637,Pass,Yes,0.0015,5.0,2023-01-05 00:00:00
Finished Goods,SKU0177,Tata Steel,Raipur Plant,WH-East,Rail,Medium,871,19344.14,1294728.37,61896.77,10764.43,8590.78,317,73,32,16,6,4271,0.0884,Pass,Yes,0.0478,4.1,2023-01-05 16:00:00
Finished Goods,SKU0100,Vedanta,Bhopal Plant,WH-Central,Courier,Critical,149,21016.25,1479357.06,710824.26,27894.94,19102.98,808,251,43,8,3,3329,0.0076,Pass,Yes,0.0679,3.9,2023-01-06 08:00:00
Packaging,SKU0140,SAIL,Raipur Plant,WH-West,Air,High,670,37814.57,1368444.53,341680.47,62967.34,25052.17,1502,84,42,7,14,3703,0.1067,Pass,No,0.0292,2.6,2023-01-07 00:00:00
Spare Parts,SKU0189,Hindalco,Katni Plant,WH-North,Road,Low,904,1523.23,319949.21,402547.46,36090.02,6519.77,1275,73,44,11,7,1766,0.0847,Pass,Yes,0.0096,3.2,2023-01-07 16:00:00
Finished Goods,SKU0147,Vedanta,Katni Plant,WH-West,Rail,High,222,13816.47,1178738.33,734384.22,50964.14,27599.4,502,77,17,3,5,4524,0.0267,Fail,Yes,0.0342,4.8,2023-01-08 08:00:00
Packaging,SKU0076,Vedanta,Indore Plant,WH-East,Courier,Medium,798,26121.02,1160494.74,623269.48,52501.72,17053.2,118,277,11,17,1,4236,0.0228,Pass,Yes,0.0584,3.4,2023-01-09 00:00:00
Semi-Finished,SKU0009,Vedanta,Nagpur Plant,WH-East,Air,High,211,13807.91,1743401.04,113096.0,67812.89,9677.73,1697,257,33,14,3,3069,0.0524,Pending,Yes,0.0095,4.2,2023-01-09 16:00:00
Spare Parts,SKU0199,Hindalco,Nagpur Plant,WH-West,Road,Low,954,31607.49,789298.93,456681.77,27343.98,13494.89,709,281,3,6,5,2789,0.0983,Pass,Yes,0.0173,5.0,2023-01-10 08:00:00
Semi-Finished,SKU0028,Hindalco,Raipur Plant,WH-Central,Courier,Low,777,24352.44,774397.59,359379.3,55609.05,10053.56,1521,65,25,8,7,2426,0.1013,Pass,Yes,0.0127,3.2,2023-01-11 00:00:00
Spare Parts,SKU0128,JSW Steel,Bhopal Plant,WH-Central,Courier,High,825,18404.66,1256127.76,639796.75,77006.03,22028.22,1509,108,24,5,3,2910,0.0629,Pass,Yes,0.064,3.9,2023-01-11 16:00:00
Packaging,SKU0052,SAIL,Nagpur Plant,WH-East,Rail,Medium,312,47485.83,1284491.67,582143.71,58958.98,24092.72,44,258,3,8,6,2616,0.1034,Pass,Yes,0.006,4.2,2023-01-12 08:00:00
Raw Material,SKU0083,Tata Steel,Indore Plant,WH-South,Courier,High,853,31791.9,965106.19,555420.52,40209.9,25155.18,313,292,39,2,5,3571,0.0016,Pending,No,0.0552,2.9,2023-01-13 00:00:00
Spare Parts,SKU0111,Vedanta,Raipur Plant,WH-Central,Rail,Medium,323,6932.1,913965.76,279030.42,51195.96,29587.28,1202,231,32,15,13,112,0.0052,Pending,Yes,0.03,2.9,2023-01-13 16:00:00
Semi-Finished,SKU0144,JSW Steel,Raipur Plant,WH-West,Air,High,52,28224.54,1013587.96,645921.35,59695.27,23947.24,1917,256,41,12,1,3070,0.1095,Pass,Yes,0.0607,3.6,2023-01-14 08:00:00
Packaging,SKU0117,Tata Steel,Indore Plant,WH-Central,Rail,High,77,39146.23,1729038.33,51389.12,49757.51,18440.14,417,193,27,17,10,3721,0.0933,Pass,No,0.0772,3.5,2023-01-15 00:00:00
Spare Parts,SKU0069,JSW Steel,Bhopal Plant,WH-West,Road,Medium,375,35570.24,949275.46,136103.67,3300.71,10837.39,555,64,30,1,6,3783,0.0546,Pass,Yes,0.01,4.3,2023-01-15 16:00:00
Raw Material,SKU0099,Hindalco,Indore Plant,WH-East,Rail,Medium,989,9018.42,1882866.99,275142.39,17192.33,16793.27,1806,298,4,15,14,3573,0.0907,Pass,Yes,0.0258,2.7,2023-01-16 08:00:00
Raw Material,SKU0140,Vedanta,Bhopal Plant,WH-Central,Road,Medium,198,48634.79,1032807.34,70677.88,65216.52,2190.98,1101,275,15,14,8,3222,0.1147,Pass,Yes,0.065,4.9,2023-01-17 00:00:00
Finished Goods,SKU0025,Tata Steel,Indore Plant,WH-West,Rail,Low,589,22716.28,1900941.35,195645.48,23266.75,22599.93,325,60,26,16,13,3564,0.0929,Pending,Yes,0.022,2.5,2023-01-17 16:00:00
Finished Goods,SKU0180,Tata Steel,Indore Plant,WH-East,Courier,Medium,537,8371.74,1674022.21,665819.28,59061.85,13932.71,1713,242,2,9,13,752,0.1012,Pending,Yes,0.018,4.0,2023-01-18 08:00:00
Semi-Finished,SKU0123,Tata Steel,Katni Plant,WH-South,Air,High,871,9419.69,756741.08,759118.71,31025.38,1580.67,1380,128,4,1,1,720,0.0915,Pending,No,0.0662,3.9,2023-01-19 00:00:00
Spare Parts,SKU0053,Tata Steel,Raipur Plant,WH-West,Road,Critical,487,5362.63,1734100.77,250635.86,42706.98,2812.7,1439,267,27,17,2,3890,0.021,Fail,Yes,0.079,2.8,2023-01-19 16:00:00
Spare Parts,SKU0151,Tata Steel,Indore Plant,WH-South,Rail,High,114,40274.15,264623.4,218967.49,7301.92,12236.53,1986,164,19,13,14,1745,0.1002,Fail,Yes,0.045,2.9,2023-01-20 08:00:00
Finished Goods,SKU0144,JSW Steel,Indore Plant,WH-South,Rail,High,405,6540.51,1853841.99,231115.2,16135.59,17919.22,514,117,10,5,4,2343,0.0242,Pass,Yes,0.023,4.5,2023-01-21 00:00:00
Spare Parts,SKU0057,Vedanta,Nagpur Plant,WH-North,Rail,High,582,6693.7,1281704.85,229398.08,76661.36,14461.91,213,92,39,10,12,4612,0.1072,Pass,No,0.0325,4.7,2023-01-21 16:00:00
Spare Parts,SKU0039,Hindalco,Raipur Plant,WH-Central,Courier,High,301,42598.34,156061.96,38384.84,71430.77,18956.93,1877,118,24,6,2,4859,0.0556,Pass,Yes,0.0144,3.2,2023-01-22 08:00:00
Raw Material,SKU0109,Hindalco,Nagpur Plant,WH-West,Courier,Medium,284,17557.9,1306300.61,742263.91,52877.46,14928.53,73,276,22,19,11,3591,0.0816,Fail,No,0.0612,3.6,2023-01-23 00:00:00
Finished Goods,SKU0181,Hindalco,Raipur Plant,WH-South,Road,Critical,276,2027.47,1949782.93,178821.53,37852.28,20189.41,1586,190,2,13,9,3811,0.0602,Fail,No,0.0621,3.4,2023-01-23 16:00:00
Packaging,SKU0042,Hindalco,Nagpur Plant,WH-North,Road,High,574,3068.82,186111.28,341803.22,54709.38,7354.66,1602,187,22,1,10,3788,0.0122,Fail,No,0.0701,2.7,2023-01-24 08:00:00
Finished Goods,SKU0186,JSW Steel,Indore Plant,WH-East,Courier,Medium,362,7537.44,1131641.03,17652.64,50251.6,4272.45,508,124,28,15,8,1479,0.0356,Pending,No,0.0031,4.2,2023-01-25 00:00:00
Packaging,SKU0167,SAIL,Indore Plant,WH-West,Road,Low,98,11062.97,1508198.98,687784.52,46347.08,18296.58,331,259,43,14,8,4343,0.1181,Pending,Yes,0.0454,4.6,2023-01-25 16:00:00
Raw Material,SKU0142,Vedanta,Katni Plant,WH-South,Air,Medium,167,33424.74,1630004.24,587614.3,6615.81,15056.0,1116,275,7,8,4,2145,0.1153,Pending,No,0.0179,3.3,2023-01-26 08:00:00
Semi-Finished,SKU0122,Tata Steel,Nagpur Plant,WH-Central,Air,Medium,103,8287.65,856963.56,757937.27,51358.6,1779.16,687,152,37,10,5,3148,0.0391,Pass,Yes,0.0279,5.0,2023-01-27 00:00:00
Spare Parts,SKU0133,SAIL,Bhopal Plant,WH-North,Courier,High,699,6384.28,448124.79,627476.23,61975.76,12033.97,656,90,29,9,4,1488,0.1196,Fail,No,0.063,2.7,2023-01-27 16:00:00
Raw Material,SKU0163,Hindalco,Katni Plant,WH-South,Road,Medium,614,38353.6,132567.44,257828.14,79538.37,4077.64,1542,283,18,17,13,501,0.1016,Pass,Yes,0.0162,4.2,2023-01-28 08:00:00
Spare Parts,SKU0075,SAIL,Nagpur Plant,WH-Central,Rail,Medium,93,33717.24,1180466.01,205819.95,2864.13,16409.35,1292,227,41,9,9,2753,0.0737,Pass,No,0.0514,3.6,2023-01-29 00:00:00
Semi-Finished,SKU0146,Vedanta,Nagpur Plant,WH-South,Air,Critical,864,22048.55,933176.59,561195.88,58953.53,12477.55,1399,264,4,3,13,4424,0.0058,Pending,Yes,0.0527,3.6,2023-01-29 16:00:00
Semi-Finished,SKU0076,Tata Steel,Katni Plant,WH-West,Courier,Low,102,27690.83,1900051.57,297649.09,46599.57,18781.41,1857,248,13,11,2,4023,0.1083,Pending,Yes,0.0764,3.6,2023-01-30 08:00:00
Raw Material,SKU0009,Tata Steel,Indore Plant,WH-West,Road,Medium,635,15943.21,168179.57,457309.86,35856.07,24362.46,1027,108,40,12,13,367,0.0673,Pass,No,0.0622,3.1,2023-01-31 00:00:00
Semi-Finished,SKU0074,Vedanta,Nagpur Plant,WH-West,Courier,Low,607,24383.77,1386520.92,14943.4,11950.47,9690.39,1161,88,13,10,11,4321,0.1043,Pass,Yes,0.0645,4.3,2023-01-31 16:00:00
Packaging,SKU0186,Vedanta,Indore Plant,WH-North,Rail,High,574,25580.3,98684.13,58889.7,33908.64,28900.96,1254,52,3,17,8,1825,0.1003,Fail,Yes,0.043,4.3,2023-02-01 08:00:00
Semi-Finished,SKU0145,Hindalco,Katni Plant,WH-West,Air,Critical,726,19668.24,384296.64,432940.67,29641.42,16533.4,599,253,23,17,2,1212,0.1001,Pass,Yes,0.0158,3.2,2023-02-02 00:00:00
Spare Parts,SKU0007,Tata Steel,Indore Plant,WH-Central,Courier,Medium,151,45375.32,934479.05,457196.6,25620.73,18930.43,1552,56,24,11,1,2775,0.0841,Pending,No,0.0346,4.6,2023-02-02 16:00:00
Spare Parts,SKU0174,SAIL,Raipur Plant,WH-South,Courier,High,841,1295.06,937001.26,603647.83,59008.61,20739.5,1075,98,31,4,10,4884,0.0357,Pass,Yes,0.0444,3.3,2023-02-03 08:00:00
Spare Parts,SKU0141,JSW Steel,Bhopal Plant,WH-East,Courier,Medium,819,39217.48,1387116.06,114252.6,56656.59,20335.21,1669,75,6,7,3,1380,0.041,Pass,Yes,0.0546,4.3,2023-02-04 00:00:00
Spare Parts,SKU0168,JSW Steel,Nagpur Plant,WH-Central,Rail,Critical,898,6656.95,1824915.42,415414.64,47943.57,15818.15,1746,210,10,14,9,1332,0.0377,Pass,Yes,0.049,2.8,2023-02-04 16:00:00
Packaging,SKU0170,Vedanta,Bhopal Plant,WH-Central,Courier,High,917,39978.59,1296112.71,163613.64,75215.86,13434.16,324,150,22,7,12,4476,0.0034,Pass,Yes,0.0321,2.9,2023-02-05 08:00:00
Finished Goods,SKU0137,Hindalco,Indore Plant,WH-West,Rail,High,447,30987.64,1909393.44,83624.93,29288.64,2559.68,991,225,12,8,3,4638,0.0703,Pass,No,0.022,3.3,2023-02-06 00:00:00
Raw Material,SKU0178,JSW Steel,Nagpur Plant,WH-North,Rail,Low,187,42242.27,1769150.5,334291.68,21016.55,1640.49,1993,128,6,1,9,1963,0.0842,Pending,No,0.0143,4.0,2023-02-06 16:00:00
Spare Parts,SKU0027,Tata Steel,Indore Plant,WH-South,Rail,Critical,724,5326.96,1189774.6,139035.95,53160.46,11380.87,1928,51,36,4,7,4584,0.1026,Pass,Yes,0.0558,4.1,2023-02-07 08:00:00
Semi-Finished,SKU0122,Vedanta,Raipur Plant,WH-North,Air,High,970,28169.54,1675894.3,185207.76,17507.5,10676.17,1754,282,28,12,13,716,0.0177,Pass,Yes,0.052,3.5,2023-02-08 00:00:00
Spare Parts,SKU0194,SAIL,Katni Plant,WH-South,Air,Medium,436,25303.85,1303026.34,260868.12,26570.82,12243.16,716,176,3,3,10,246,0.0658,Pass,No,0.0553,2.7,2023-02-08 16:00:00
Semi-Finished,SKU0005,Vedanta,Nagpur Plant,WH-South,Courier,High,160,35456.56,203187.77,214916.84,19518.99,5012.68,722,248,25,13,1,4716,0.002,Pass,Yes,0.0304,3.4,2023-02-09 08:00:00
Semi-Finished,SKU0029,SAIL,Raipur Plant,WH-North,Courier,Medium,663,26947.38,1494101.21,79197.12,7393.98,22406.88,276,209,32,6,10,4825,0.0123,Fail,Yes,0.0217,4.2,2023-02-10 00:00:00
Spare Parts,SKU0165,Vedanta,Raipur Plant,WH-Central,Air,High,66,27266.36,235071.46,81033.83,66544.9,25851.97,535,181,34,11,5,3777,0.0075,Pass,Yes,0.061,4.2,2023-02-10 16:00:00
Packaging,SKU0166,Vedanta,Nagpur Plant,WH-South,Road,Low,829,21765.0,1208461.42,162667.04,21854.16,28222.72,1509,69,40,4,9,388,0.0873,Fail,Yes,0.0621,2.9,2023-02-11 08:00:00
Semi-Finished,SKU0083,Vedanta,Indore Plant,WH-North,Air,High,231,15787.3,1420148.4,49941.76,38896.15,15278.51,1539,291,31,16,12,1509,0.0106,Pass,Yes,0.037,2.5,2023-02-12 00:00:00
Semi-Finished,SKU0136,SAIL,Raipur Plant,WH-South,Rail,Medium,933,24372.09,179728.84,504901.05,5378.59,21325.11,151,166,38,7,3,113,0.0863,Pass,Yes,0.0493,4.4,2023-02-12 16:00:00
Spare Parts,SKU0109,SAIL,Bhopal Plant,WH-East,Air,Low,585,6365.37,500049.58,236988.11,56548.48,25810.98,954,213,29,11,9,356,0.0307,Pass,Yes,0.0305,2.8,2023-02-13 08:00:00
Semi-Finished,SKU0065,Vedanta,Raipur Plant,WH-Central,Rail,Medium,590,48094.91,1835560.85,230999.31,27783.76,13130.44,1506,81,32,1,5,1821,0.1054,Pass,Yes,0.0565,2.7,2023-02-14 00:00:00
Semi-Finished,SKU0086,JSW Steel,Indore Plant,WH-West,Courier,Low,220,35863.33,1251813.26,272278.65,60089.46,9972.97,258,77,12,7,9,1523,0.0978,Fail,No,0.067,2.5,2023-02-14 16:00:00
Spare Parts,SKU0145,Hindalco,Indore Plant,WH-South,Road,Medium,458,47647.12,530257.74,533609.06,34167.44,28165.01,323,126,24,12,10,3090,0.115,Pass,Yes,0.0554,3.6,2023-02-15 08:00:00
Spare Parts,SKU0071,Hindalco,Bhopal Plant,WH-East,Courier,Medium,789,11723.01,1396825.55,697800.77,17268.94,15954.62,1016,50,3,7,6,1295,0.1062,Fail,No,0.0415,3.8,2023-02-16 00:00:00
Raw Material,SKU0045,Hindalco,Raipur Plant,WH-West,Rail,Medium,427,44027.38,1213714.02,609678.68,42027.66,15420.36,868,237,41,7,9,4659,0.1121,Pass,Yes,0.0372,4.1,2023-02-16 16:00:00
Packaging,SKU0132,SAIL,Indore Plant,WH-West,Rail,Medium,237,40535.1,1028072.61,584748.09,12179.36,6174.07,1191,105,42,10,7,4465,0.1032,Fail,No,0.0517,3.2,2023-02-17 08:00:00
Packaging,SKU0036,SAIL,Nagpur Plant,WH-South,Rail,Medium,907,34019.04,1953564.6,392669.04,36362.05,4136.5,687,84,28,16,7,1344,0.0835,Pending,No,0.0547,4.3,2023-02-18 00:00:00
Semi-Finished,SKU0070,JSW Steel,Katni Plant,WH-North,Road,High,279,31438.94,1382734.87,558106.39,26749.83,25421.1,309,161,36,8,8,3323,0.0213,Pass,No,0.0451,2.9,2023-02-18 16:00:00
Packaging,SKU0159,Hindalco,Katni Plant,WH-South,Air,Low,882,16169.21,782110.16,446682.27,73132.85,18809.86,802,79,3,9,7,3570,0.0333,Pass,No,0.0504,4.6,2023-02-19 08:00:00
Semi-Finished,SKU0019,Hindalco,Katni Plant,WH-East,Courier,Critical,901,40912.33,1610143.19,180837.92,6752.44,10448.91,1502,103,40,9,12,4267,0.0263,Pending,Yes,0.0086,3.9,2023-02-20 00:00:00
Raw Material,SKU0189,Vedanta,Raipur Plant,WH-West,Courier,High,168,25325.02,1774937.42,174784.81,56133.36,6560.35,1079,85,38,2,9,4069,0.0728,Pass,Yes,0.0762,4.0,2023-02-20 16:00:00
Spare Parts,SKU0108,SAIL,Bhopal Plant,WH-South,Air,High,205,4009.13,294180.09,244149.69,16254.59,17109.42,619,298,22,13,11,1406,0.0609,Pass,Yes,0.0635,3.0,2023-02-21 08:00:00
Spare Parts,SKU0182,Hindalco,Indore Plant,WH-North,Courier,Medium,833,15986.73,441078.31,729534.11,26885.52,17933.66,472,232,6,13,9,2221,0.1042,Pass,Yes,0.0305,2.7,2023-02-22 00:00:00
Spare Parts,SKU0167,JSW Steel,Nagpur Plant,WH-South,Road,High,736,46797.21,471642.67,442457.72,34410.1,7002.81,1319,266,22,4,6,2502,0.1144,Fail,Yes,0.0455,3.7,2023-02-22 16:00:00
Packaging,SKU0091,JSW Steel,Nagpur Plant,WH-Central,Courier,Low,514,42608.67,1397863.03,589785.25,72825.18,25690.77,460,129,30,12,7,596,0.0492,Fail,No,0.0047,4.0,2023-02-23 08:00:00
Raw Material,SKU0090,Hindalco,Raipur Plant,WH-North,Rail,Low,153,49104.33,1225927.13,283781.42,20921.1,3443.67,1347,107,21,17,2,3499,0.0613,Pass,Yes,0.0043,2.7,2023-02-24 00:00:00
Packaging,SKU0019,SAIL,Katni Plant,WH-East,Air,Medium,653,31585.67,1257033.55,332095.46,9122.09,11326.7,813,132,39,2,9,3706,0.1166,Pass,Yes,0.0208,4.9,2023-02-24 16:00:00
Packaging,SKU0039,JSW Steel,Raipur Plant,WH-West,Road,High,747,12751.75,1884507.93,109196.81,26857.79,20731.15,845,114,21,13,12,1009,0.0339,Pending,No,0.0555,5.0,2023-02-25 08:00:00
Raw Material,SKU0126,Vedanta,Bhopal Plant,WH-South,Air,Low,844,8559.34,1563027.49,145323.02,10164.73,8949.49,1164,118,26,18,13,472,0.0953,Pass,Yes,0.0683,3.9,2023-02-26 00:00:00
Raw Material,SKU0195,JSW Steel,Bhopal Plant,WH-North,Road,Medium,551,9752.26,299477.0,663611.68,12030.53,25002.58,666,177,3,15,1,4557,0.0278,Pass,Yes,0.0452,4.9,2023-02-26 16:00:00
Raw Material,SKU0173,Tata Steel,Indore Plant,WH-Central,Rail,Critical,742,1479.89,727638.81,472022.52,46760.35,22456.17,261,100,33,8,1,1444,0.0821,Pass,No,0.043,2.9,2023-02-27 08:00:00
Raw Material,SKU0141,Tata Steel,Indore Plant,WH-North,Air,High,731,19838.76,899017.61,276650.65,6750.35,23881.66,1808,71,27,15,3,423,0.0312,Fail,Yes,0.0328,2.6,2023-02-28 00:00:00
Spare Parts,SKU0126,SAIL,Bhopal Plant,WH-Central,Courier,Medium,748,9975.67,822125.1,644252.46,4412.61,4454.09,1443,265,7,1,12,2531,0.1062,Pass,Yes,0.0138,2.6,2023-02-28 16:00:00
Finished Goods,SKU0058,Hindalco,Bhopal Plant,WH-East,Road,Low,224,20876.95,1355151.79,204750.73,57724.3,5075.87,1767,156,42,10,6,4770,0.0678,Fail,No,0.0103,4.0,2023-03-01 08:00:00
Finished Goods,SKU0148,SAIL,Bhopal Plant,WH-West,Air,High,783,46782.22,1789191.55,781065.83,30208.47,9307.74,1264,158,4,12,5,4931,0.0231,Pass,No,0.0611,2.7,2023-03-02 00:00:00
Raw Material,SKU0200,SAIL,Raipur Plant,WH-East,Courier,Medium,794,21811.74,646800.35,282405.91,11779.28,16024.24,354,165,34,5,2,2884,0.0277,Fail,No,0.0743,4.9,2023-03-02 16:00:00
Finished Goods,SKU0061,SAIL,Bhopal Plant,WH-South,Air,Low,723,43960.23,1126160.42,276475.65,21781.8,22692.47,1872,150,2,9,9,2493,0.0598,Fail,Yes,0.0372,2.9,2023-03-03 08:00:00
Finished Goods,SKU0127,SAIL,Nagpur Plant,WH-North,Air,Low,470,30472.49,1589348.37,256410.41,52082.75,25259.4,769,230,6,8,14,4020,0.1154,Pass,No,0.0531,3.3,2023-03-04 00:00:00
Raw Material,SKU0105,Vedanta,Katni Plant,WH-Central,Air,Critical,183,12733.01,861625.21,106468.1,23491.85,21425.72,1784,149,14,16,13,1315,0.0926,Pass,Yes,0.0732,4.6,2023-03-04 16:00:00
Finished Goods,SKU0167,Vedanta,Bhopal Plant,WH-Central,Road,High,440,18114.81,377830.35,97798.35,40572.65,27929.31,1612,213,20,14,10,1795,0.0591,Pass,Yes,0.0081,3.0,2023-03-05 08:00:00
Packaging,SKU0001,JSW Steel,Katni Plant,WH-North,Courier,High,785,4654.02,976154.38,522002.98,11492.23,22423.56,179,117,13,13,14,2007,0.0412,Pass,Yes,0.0619,3.1,2023-03-06 00:00:00
Semi-Finished,SKU0131,Tata Steel,Raipur Plant,WH-North,Rail,High,550,17006.4,157683.92,701343.26,47871.3,9881.77,65,85,26,13,4,4914,0.0664,Fail,Yes,0.0497,4.1,2023-03-06 16:00:00
Semi-Finished,SKU0092,SAIL,Katni Plant,WH-South,Road,Medium,714,34038.28,1887647.74,634511.2,26654.06,8687.36,819,229,36,5,4,880,0.0901,Pass,Yes,0.0483,3.2,2023-03-07 08:00:00
Raw Material,SKU0190,JSW Steel,Raipur Plant,WH-East,Road,Medium,82,4069.5,195901.35,121475.0,50903.54,21189.58,1371,230,13,16,5,1119,0.0943,Fail,Yes,0.0241,3.0,2023-03-08 00:00:00
Spare Parts,SKU0191,Tata Steel,Nagpur Plant,WH-Central,Road,Medium,104,10667.37,904990.59,441009.88,65054.8,6593.25,170,259,31,11,8,3365,0.0396,Pass,Yes,0.055,3.1,2023-03-08 16:00:00
Raw Material,SKU0113,Hindalco,Raipur Plant,WH-South,Rail,Medium,568,19381.33,1083268.46,93417.32,49708.42,3688.73,473,227,6,5,10,1503,0.0868,Pass,Yes,0.0638,3.7,2023-03-09 08:00:00
Spare Parts,SKU0153,Vedanta,Raipur Plant,WH-East,Courier,Medium,805,49111.45,1971342.47,45782.77,25068.31,16434.46,533,257,35,13,4,1526,0.0793,Pass,No,0.0099,4.9,2023-03-10 00:00:00
Semi-Finished,SKU0056,Tata Steel,Indore Plant,WH-South,Courier,High,874,39350.66,373742.56,528544.83,21948.01,24827.61,1390,218,23,11,5,763,0.1151,Pass,Yes,0.0431,4.6,2023-03-10 16:00:00
Raw Material,SKU0161,Hindalco,Bhopal Plant,WH-Central,Courier,High,687,36807.59,273141.46,432770.34,27538.83,3940.02,1130,195,40,19,12,2747,0.1118,Pass,Yes,0.009,3.2,2023-03-11 08:00:00
Packaging,SKU0166,Tata Steel,Bhopal Plant,WH-North,Air,High,61,6251.45,66976.99,74798.71,14840.4,23964.85,438,71,14,3,4,110,0.0949,Fail,Yes,0.0699,3.4,2023-03-12 00:00:00
Finished Goods,SKU0117,Vedanta,Nagpur Plant,WH-North,Air,Medium,577,39159.3,353364.3,37602.0,16131.4,24535.59,834,115,4,15,14,1138,0.0871,Pass,Yes,0.0411,3.7,2023-03-12 16:00:00
Spare Parts,SKU0134,Vedanta,Nagpur Plant,WH-East,Air,High,769,39370.81,454182.31,791907.57,63673.91,14985.95,226,70,21,7,6,2925,0.0336,Pass,Yes,0.0648,4.9,2023-03-13 08:00:00
Finished Goods,SKU0058,JSW Steel,Bhopal Plant,WH-West,Rail,High,604,30254.58,1279632.84,33716.85,32009.14,2662.0,1467,149,32,7,12,3103,0.1017,Fail,Yes,0.0301,2.9,2023-03-14 00:00:00
Finished Goods,SKU0044,SAIL,Indore Plant,WH-East,Air,Medium,422,49522.91,478428.24,361177.32,36007.62,6063.11,441,177,6,6,3,4780,0.0519,Fail,Yes,0.0109,3.4,2023-03-14 16:00:00
Raw Material,SKU0173,Tata Steel,Bhopal Plant,WH-West,Rail,High,533,16600.07,90015.59,408649.03,48335.86,21515.36,395,93,25,3,8,1175,0.0334,Pass,No,0.0043,4.3,2023-03-15 08:00:00
Finished Goods,SKU0160,Tata Steel,Indore Plant,WH-South,Courier,Medium,696,47092.99,1661905.77,102651.32,47992.97,21641.56,727,152,41,13,6,3188,0.0467,Pass,Yes,0.0232,4.9,2023-03-16 00:00:00
Packaging,SKU0173,Hindalco,Nagpur Plant,WH-South,Air,Medium,277,45779.19,762911.62,143558.8,7255.4,27052.3,1604,96,34,7,10,1889,0.1005,Pass,Yes,0.0203,2.9,2023-03-16 16:00:00
Finished Goods,SKU0061,Vedanta,Katni Plant,WH-Central,Air,Low,672,1068.29,739708.54,287925.96,66860.18,17897.9,83,88,9,5,5,3136,0.0187,Fail,Yes,0.0453,3.1,2023-03-17 08:00:00
Raw Material,SKU0047,Tata Steel,Nagpur Plant,WH-West,Road,Medium,356,22780.77,639834.11,611723.94,15831.47,4599.11,1638,78,25,18,13,4938,0.0553,Pending,Yes,0.0027,3.1,2023-03-18 00:00:00
Packaging,SKU0149,Vedanta,Nagpur Plant,WH-Central,Rail,Medium,506,48866.66,1951977.89,410595.12,58399.59,4521.03,1574,103,21,8,2,3753,0.0596,Pending,Yes,0.0421,2.6,2023-03-18 16:00:00
Semi-Finished,SKU0080,Tata Steel,Raipur Plant,WH-North,Courier,High,209,5604.51,381725.06,513942.48,62268.34,21912.84,1036,139,17,17,10,3275,0.0054,Fail,Yes,0.0319,4.0,2023-03-19 08:00:00
Finished Goods,SKU0118,JSW Steel,Raipur Plant,WH-West,Road,Critical,380,27615.34,1801564.22,788287.9,57762.16,6329.76,1832,134,13,1,10,4399,0.0243,Pass,Yes,0.0466,4.2,2023-03-20 00:00:00
Raw Material,SKU0164,SAIL,Raipur Plant,WH-East,Road,High,825,48958.4,1564766.5,616724.29,47160.26,10523.18,1848,66,14,14,7,1176,0.0994,Fail,No,0.0565,4.0,2023-03-20 16:00:00
Semi-Finished,SKU0147,Tata Steel,Raipur Plant,WH-North,Courier,High,274,27997.02,199135.91,353145.58,3139.5,15129.15,692,129,43,17,2,1073,0.0999,Pass,No,0.0511,2.7,2023-03-21 08:00:00
Semi-Finished,SKU0020,Vedanta,Indore Plant,WH-North,Road,Medium,778,9895.86,1974121.75,362689.12,30109.29,1718.18,492,237,40,10,1,1965,0.0358,Pass,Yes,0.0788,2.7,2023-03-22 00:00:00
Spare Parts,SKU0185,JSW Steel,Bhopal Plant,WH-East,Rail,High,553,29318.07,579163.63,498829.94,49177.48,8215.75,1291,208,26,12,7,3225,0.1051,Pass,No,0.0119,3.0,2023-03-22 16:00:00
Packaging,SKU0146,Tata Steel,Katni Plant,WH-North,Rail,Low,505,10619.81,242236.71,535638.51,32221.2,12828.8,1548,292,33,16,5,1399,0.0928,Pending,Yes,0.0349,3.2,2023-03-23 08:00:00
Finished Goods,SKU0047,Hindalco,Nagpur Plant,WH-West,Air,Medium,94,26225.36,1667162.76,405561.63,69351.43,9109.45,1143,122,25,14,1,3506,0.0507,Pending,No,0.0346,4.5,2023-03-24 00:00:00
Raw Material,SKU0049,SAIL,Indore Plant,WH-Central,Road,Medium,263,4165.09,1428017.29,519440.37,26086.58,4954.74,969,272,10,16,4,1258,0.0901,Pass,Yes,0.0339,2.9,2023-03-24 16:00:00
Spare Parts,SKU0014,Tata Steel,Katni Plant,WH-North,Air,Medium,108,30471.39,1253576.67,28590.67,24895.71,22112.36,352,255,41,8,12,3229,0.1154,Fail,Yes,0.0534,2.6,2023-03-25 08:00:00
Packaging,SKU0143,JSW Steel,Indore Plant,WH-West,Road,Low,693,26081.1,354162.68,349402.06,22747.82,24581.28,1080,98,24,10,13,204,0.0556,Fail,No,0.0397,3.5,2023-03-26 00:00:00
Spare Parts,SKU0159,Hindalco,Indore Plant,WH-South,Rail,Low,665,37137.99,983067.43,230361.08,27956.91,8466.89,39,150,14,17,4,3667,0.0294,Pass,No,0.0419,3.5,2023-03-26 16:00:00
Packaging,SKU0001,JSW Steel,Nagpur Plant,WH-West,Rail,Medium,244,31719.67,1572084.25,112047.81,45477.59,23458.17,1909,51,33,18,10,4448,0.1131,Pass,No,0.0352,3.6,2023-03-27 08:00:00
Packaging,SKU0117,JSW Steel,Bhopal Plant,WH-Central,Rail,Critical,974,27705.51,642066.68,88641.75,57147.19,12181.05,1359,293,16,16,7,4490,0.0728,Fail,Yes,0.0793,4.6,2023-03-28 00:00:00
Finished Goods,SKU0054,Hindalco,Raipur Plant,WH-West,Road,Medium,538,34644.05,657795.17,486521.81,53680.3,15693.89,639,225,37,17,9,1281,0.0135,Pass,No,0.0743,2.7,2023-03-28 16:00:00
Packaging,SKU0118,JSW Steel,Bhopal Plant,WH-East,Rail,Medium,206,7625.12,56124.77,423644.43,65001.99,25824.03,172,287,6,16,2,4744,0.0691,Pass,No,0.0253,4.3,2023-03-29 08:00:00
Spare Parts,SKU0003,Hindalco,Nagpur Plant,WH-Central,Road,Low,659,29970.3,389774.63,210331.45,71101.29,22748.66,1570,191,23,19,12,3238,0.0606,Fail,Yes,0.0098,3.3,2023-03-30 00:00:00
Packaging,SKU0144,Tata Steel,Nagpur Plant,WH-South,Air,High,275,9019.47,1757040.97,382050.55,65654.17,24348.39,258,108,17,8,14,4494,0.1028,Pending,Yes,0.0673,3.3,2023-03-30 16:00:00
Finished Goods,SKU0185,Hindalco,Nagpur Plant,WH-East,Road,Medium,461,46313.35,911405.66,398863.53,3477.74,4968.51,1911,146,42,6,1,3634,0.0642,Fail,Yes,0.0798,4.8,2023-03-31 08:00:00
Finished Goods,SKU0012,Hindalco,Katni Plant,WH-West,Air,Medium,254,3882.54,1969257.27,164057.09,59401.6,3021.86,516,148,11,6,2,4296,0.0314,Fail,No,0.0241,3.1,2023-04-01 00:00:00
Spare Parts,SKU0074,SAIL,Bhopal Plant,WH-Central,Road,Medium,128,21803.55,821630.53,525153.52,18255.17,26908.74,729,235,25,9,7,3227,0.0814,Pass,Yes,0.0293,4.1,2023-04-01 16:00:00
Semi-Finished,SKU0016,Hindalco,Bhopal Plant,WH-South,Air,Low,173,34941.98,1444613.59,626926.29,12368.39,12247.19,522,152,19,4,13,1874,0.0656,Pass,Yes,0.0754,3.2,2023-04-02 08:00:00
Semi-Finished,SKU0200,Hindalco,Indore Plant,WH-East,Rail,Low,520,23172.1,599742.13,635256.2,51802.13,9348.51,1917,235,19,12,10,3914,0.0287,Pass,Yes,0.0572,3.8,2023-04-03 00:00:00
Packaging,SKU0102,Tata Steel,Indore Plant,WH-South,Air,Medium,989,5058.72,759428.8,485951.17,26939.97,22016.19,838,288,8,12,6,191,0.0693,Pass,Yes,0.0244,4.5,2023-04-03 16:00:00
Raw Material,SKU0152,SAIL,Indore Plant,WH-West,Rail,Low,267,27892.26,421915.68,414194.48,6455.14,25256.05,116,228,5,17,4,546,0.0988,Pending,Yes,0.0469,4.7,2023-04-04 08:00:00
Packaging,SKU0156,Vedanta,Nagpur Plant,WH-South,Rail,Low,565,32260.78,726771.62,58195.64,12735.12,26012.2,183,261,27,15,1,208,0.0044,Pass,Yes,0.0756,4.6,2023-04-05 00:00:00
Spare Parts,SKU0117,Tata Steel,Bhopal Plant,WH-North,Air,Medium,651,35337.72,1117113.16,237386.73,2072.49,10163.92,1929,51,6,9,13,4512,0.0761,Pass,No,0.0651,4.0,2023-04-05 16:00:00
Spare Parts,SKU0008,Tata Steel,Nagpur Plant,WH-East,Road,High,153,18976.36,1983957.12,83684.44,72451.44,25714.16,1897,292,17,7,1,3339,0.0426,Pass,Yes,0.0596,3.1,2023-04-06 08:00:00
Spare Parts,SKU0122,Vedanta,Katni Plant,WH-South,Road,Medium,442,28401.17,1345193.34,771420.3,3920.2,2187.08,1139,90,36,10,5,4153,0.0358,Pending,No,0.0592,4.2,2023-04-07 00:00:00
Spare Parts,SKU0092,Hindalco,Indore Plant,WH-West,Courier,Medium,680,22808.98,438529.61,116713.32,18337.55,2440.18,161,260,27,16,1,4637,0.0477,Pass,Yes,0.0151,4.3,2023-04-07 16:00:00
Spare Parts,SKU0164,JSW Steel,Nagpur Plant,WH-West,Road,Medium,694,33766.77,137674.81,129902.57,34468.5,19082.06,1602,172,19,12,12,1345,0.0417,Pass,Yes,0.0661,2.5,2023-04-08 08:00:00
Finished Goods,SKU0090,SAIL,Nagpur Plant,WH-South,Courier,Critical,873,29386.07,296395.14,712765.53,29812.56,2830.08,1735,278,30,7,7,2820,0.1,Pass,Yes,0.0228,3.6,2023-04-09 00:00:00
Semi-Finished,SKU0136,JSW Steel,Katni Plant,WH-West,Road,Medium,657,26524.93,1146982.64,755703.34,73114.62,10413.67,542,131,24,18,13,377,0.0337,Fail,Yes,0.0745,4.6,2023-04-09 16:00:00
Spare Parts,SKU0186,Vedanta,Raipur Plant,WH-Central,Road,Low,483,12851.46,1542062.64,615004.94,5142.54,20509.92,1610,193,15,15,11,3156,0.0882,Pass,Yes,0.0298,3.7,2023-04-10 08:00:00
Raw Material,SKU0060,Tata Steel,Bhopal Plant,WH-Central,Rail,High,380,599.92,1883817.45,14269.89,41952.75,10780.74,1260,181,16,6,1,4764,0.0122,Pass,No,0.0688,3.3,2023-04-11 00:00:00
Raw Material,SKU0178,Tata Steel,Raipur Plant,WH-Central,Courier,Low,192,9117.04,80855.19,11063.55,55077.4,6208.39,838,189,34,12,1,3022,0.1142,Pass,Yes,0.022,4.7,2023-04-11 16:00:00
Raw Material,SKU0028,SAIL,Indore Plant,WH-North,Road,Medium,849,6294.77,1069382.28,308699.61,74672.44,9159.17,1089,78,26,11,2,2613,0.0751,Fail,Yes,0.0416,2.9,2023-04-12 08:00:00
Raw Material,SKU0101,Tata Steel,Nagpur Plant,WH-South,Courier,Medium,589,22729.69,968191.34,123282.34,50388.96,14269.68,1093,184,22,3,13,938,0.0851,Pass,Yes,0.0094,3.0,2023-04-13 00:00:00
Finished Goods,SKU0041,Tata Steel,Katni Plant,WH-North,Rail,High,327,30806.78,1329307.29,24525.05,64692.91,14786.19,1832,63,18,2,14,2901,0.0365,Pass,Yes,0.0531,4.2,2023-04-13 16:00:00
Raw Material,SKU0192,SAIL,Katni Plant,WH-West,Rail,Medium,282,11047.71,1141178.77,376612.68,8530.55,23707.01,446,296,24,6,11,129,0.05,Pass,No,0.0671,3.4,2023-04-14 08:00:00
Spare Parts,SKU0155,SAIL,Bhopal Plant,WH-North,Courier,High,578,46983.33,1389726.34,755018.9,32103.28,22754.44,415,61,44,5,12,1357,0.0276,Pass,Yes,0.0578,4.3,2023-04-15 00:00:00
Packaging,SKU0191,Vedanta,Raipur Plant,WH-West,Rail,Critical,620,830.77,1333261.04,265817.46,31167.88,14247.72,531,148,18,18,10,464,0.112,Fail,Yes,0.0423,2.9,2023-04-15 16:00:00
Raw Material,SKU0145,Tata Steel,Bhopal Plant,WH-West,Air,Low,139,38728.9,278172.86,532301.14,71130.48,25524.35,440,182,15,16,3,1900,0.0591,Pass,Yes,0.0046,3.1,2023-04-16 08:00:00
Finished Goods,SKU0161,Tata Steel,Nagpur Plant,WH-East,Air,Medium,541,31447.64,1609449.93,525265.93,13806.95,4312.88,737,130,30,8,13,1004,0.076,Pending,Yes,0.0747,2.9,2023-04-17 00:00:00
Finished Goods,SKU0157,Vedanta,Bhopal Plant,WH-Central,Rail,Medium,248,18990.96,290303.52,208353.28,13847.12,8405.25,1969,299,21,11,11,4893,0.0884,Pending,Yes,0.0567,4.9,2023-04-17 16:00:00
Raw Material,SKU0141,Hindalco,Katni Plant,WH-West,Air,Medium,411,2999.2,1412134.72,523835.95,27627.54,25011.32,463,155,31,10,1,2278,0.0452,Pass,Yes,0.0599,3.5,2023-04-18 08:00:00
Packaging,SKU0046,Hindalco,Katni Plant,WH-East,Road,Medium,490,31560.59,861483.47,177743.84,6248.35,11961.83,1944,81,20,12,9,2950,0.0867,Fail,Yes,0.0638,3.3,2023-04-19 00:00:00
Raw Material,SKU0035,Hindalco,Indore Plant,WH-Central,Courier,Critical,75,19587.87,1052008.93,106385.86,16231.73,29454.27,395,123,40,6,10,2936,0.0814,Fail,Yes,0.0601,2.5,2023-04-19 16:00:00
Finished Goods,SKU0134,Vedanta,Indore Plant,WH-West,Road,High,74,46845.22,1811431.13,564092.8,77286.35,14521.35,710,220,14,5,8,4546,0.085,Pending,Yes,0.0358,2.9,2023-04-20 08:00:00
Semi-Finished,SKU0082,Tata Steel,Nagpur Plant,WH-West,Courier,High,443,27328.51,1785273.27,99618.25,35398.35,23966.13,1574,130,19,9,5,279,0.0592,Pass,No,0.059,3.6,2023-04-21 00:00:00
Spare Parts,SKU0115,Vedanta,Raipur Plant,WH-North,Rail,Medium,556,47012.75,1644819.8,797558.28,51297.5,12666.9,1680,118,24,16,13,3973,0.0466,Pass,Yes,0.0504,2.7,2023-04-21 16:00:00
Finished Goods,SKU0197,Vedanta,Bhopal Plant,WH-North,Road,High,350,11413.94,1044789.34,154927.4,58636.68,13323.65,1580,94,34,14,11,4060,0.0274,Pass,No,0.0685,3.8,2023-04-22 08:00:00
Raw Material,SKU0047,Hindalco,Nagpur Plant,WH-Central,Rail,Critical,388,36423.43,1485667.63,479372.07,30622.99,12103.61,394,155,40,8,2,1286,0.0991,Pending,No,0.0644,3.6,2023-04-23 00:00:00
Spare Parts,SKU0153,JSW Steel,Indore Plant,WH-West,Rail,High,316,31053.83,1050149.26,334985.91,13483.71,21853.19,325,186,41,19,5,4059,0.0734,Pass,Yes,0.0043,4.4,2023-04-23 16:00:00
Raw Material,SKU0194,Tata Steel,Bhopal Plant,WH-South,Courier,Low,510,37100.71,1745731.86,109845.27,18113.32,16878.02,1916,226,19,14,6,873,0.0539,Pass,Yes,0.0309,4.1,2023-04-24 08:00:00
Raw Material,SKU0010,Hindalco,Indore Plant,WH-North,Courier,High,742,11126.06,835412.87,31996.69,26434.79,28369.57,1942,210,10,7,14,4705,0.1133,Pass,Yes,0.0037,3.6,2023-04-25 00:00:00
Semi-Finished,SKU0056,JSW Steel,Bhopal Plant,WH-Central,Courier,Low,505,33417.23,1941958.92,501958.5,51613.34,8275.82,1114,277,34,5,1,4560,0.0067,Pass,No,0.0091,3.1,2023-04-25 16:00:00
Spare Parts,SKU0030,JSW Steel,Raipur Plant,WH-West,Road,Medium,409,25153.0,1868029.38,647338.48,33065.88,3916.32,749,149,33,18,11,452,0.1022,Pass,Yes,0.0485,4.3,2023-04-26 08:00:00
Spare Parts,SKU0109,SAIL,Nagpur Plant,WH-West,Air,Low,117,37269.84,1496125.11,675192.37,2531.55,12404.58,1093,195,18,2,4,4607,0.1197,Pass,Yes,0.07,4.3,2023-04-27 00:00:00
Semi-Finished,SKU0005,Tata Steel,Bhopal Plant,WH-South,Courier,High,912,16688.71,594860.97,391343.64,42825.76,18884.67,1189,58,20,11,9,4930,0.1065,Pass,Yes,0.0105,2.9,2023-04-27 16:00:00
Finished Goods,SKU0119,JSW Steel,Katni Plant,WH-Central,Courier,High,461,44557.82,306724.5,624189.82,73878.04,25963.17,641,111,28,8,2,3128,0.0974,Pending,No,0.0366,4.8,2023-04-28 08:00:00
Raw Material,SKU0033,Hindalco,Katni Plant,WH-West,Road,Low,540,4672.92,1716671.73,541549.24,65342.05,11039.71,213,234,7,1,5,217,0.0455,Pass,Yes,0.073,2.7,2023-04-29 00:00:00
Packaging,SKU0118,SAIL,Bhopal Plant,WH-North,Courier,Medium,882,40455.87,372339.46,582161.08,66366.49,19959.82,1875,78,36,12,1,581,0.0285,Fail,Yes,0.0653,2.6,2023-04-29 16:00:00
Raw Material,SKU0065,Tata Steel,Bhopal Plant,WH-South,Road,Medium,98,43135.32,1715808.54,399153.21,64014.53,11155.76,1624,174,38,2,4,4387,0.0884,Pass,Yes,0.0421,3.0,2023-04-30 08:00:00
Raw Material,SKU0146,Vedanta,Bhopal Plant,WH-Central,Rail,Medium,736,40953.99,1006991.76,510395.27,27251.0,18899.37,1358,163,35,18,4,2737,0.0372,Pass,Yes,0.062,4.8,2023-05-01 00:00:00
Finished Goods,SKU0177,Hindalco,Katni Plant,WH-South,Courier,Low,613,25879.96,842785.73,646365.47,61685.12,26659.43,1787,255,21,7,6,206,0.0219,Fail,Yes,0.0423,3.8,2023-05-01 16:00:00
Raw Material,SKU0011,JSW Steel,Katni Plant,WH-North,Courier,Medium,151,22200.06,1811222.02,324328.5,13166.59,7709.37,368,202,26,17,10,4577,0.0946,Fail,No,0.0135,4.5,2023-05-02 08:00:00
Semi-Finished,SKU0085,JSW Steel,Bhopal Plant,WH-Central,Rail,High,265,49814.98,1227509.42,646723.33,53301.86,12723.01,1884,192,5,14,9,4978,0.0382,Pass,No,0.0109,3.1,2023-05-03 00:00:00
Semi-Finished,SKU0026,Hindalco,Indore Plant,WH-South,Rail,Low,487,11844.01,1174397.31,477693.31,52042.35,29804.69,1607,183,11,7,3,343,0.1098,Pending,No,0.0159,3.7,2023-05-03 16:00:00
Spare Parts,SKU0063,JSW Steel,Indore Plant,WH-East,Rail,Low,749,27570.36,1139593.59,141061.81,3994.44,26188.15,1700,169,11,3,9,2732,0.101,Pending,Yes,0.0287,3.4,2023-05-04 08:00:00
Packaging,SKU0086,SAIL,Raipur Plant,WH-North,Courier,Medium,618,33698.44,773780.56,29500.48,63461.67,17374.56,48,219,25,6,6,4663,0.1019,Pending,Yes,0.0745,4.6,2023-05-05 00:00:00
Raw Material,SKU0059,Tata Steel,Nagpur Plant,WH-North,Air,Critical,608,35192.95,1582004.05,296575.34,72453.35,15982.2,1075,206,22,2,7,965,0.0928,Pass,Yes,0.0642,2.6,2023-05-05 16:00:00
Raw Material,SKU0027,SAIL,Indore Plant,WH-North,Air,High,208,10599.22,542956.97,441890.1,22858.39,9253.41,1312,128,12,17,12,3081,0.1058,Pass,Yes,0.0352,3.1,2023-05-06 08:00:00
Finished Goods,SKU0177,JSW Steel,Katni Plant,WH-East,Air,High,538,32872.71,1880845.17,673458.08,65366.48,15999.07,1813,142,28,12,10,1661,0.0969,Pass,Yes,0.04,2.9,2023-05-07 00:00:00
Semi-Finished,SKU0161,Vedanta,Indore Plant,WH-East,Courier,Medium,735,41009.29,1793271.15,110713.69,8427.67,25597.26,1649,53,17,12,2,703,0.0727,Fail,Yes,0.022,4.6,2023-05-07 16:00:00
Packaging,SKU0098,Tata Steel,Raipur Plant,WH-West,Rail,Medium,291,2975.92,708086.64,642163.01,48797.49,20870.06,1262,131,27,17,11,3162,0.0362,Pass,Yes,0.0566,3.7,2023-05-08 08:00:00
Spare Parts,SKU0105,Tata Steel,Raipur Plant,WH-South,Courier,Low,843,45620.3,1472454.35,691777.15,39880.46,9411.28,132,291,31,10,10,4118,0.1067,Fail,Yes,0.0644,3.5,2023-05-09 00:00:00
Semi-Finished,SKU0099,Hindalco,Nagpur Plant,WH-West,Rail,High,802,1960.45,1167785.23,129043.11,44582.04,6842.45,998,234,17,3,14,2115,0.101,Pass,Yes,0.0199,3.6,2023-05-09 16:00:00
Spare Parts,SKU0129,Hindalco,Indore Plant,WH-South,Courier,Critical,931,18120.57,708416.14,682759.51,74244.01,8691.05,785,226,8,18,6,1758,0.0573,Pass,No,0.0043,4.9,2023-05-10 08:00:00
Finished Goods,SKU0149,Vedanta,Katni Plant,WH-East,Courier,High,54,1282.75,1977617.21,793248.32,69962.59,5923.02,1189,221,17,13,6,3480,0.0057,Pass,Yes,0.0503,4.6,2023-05-11 00:00:00
Finished Goods,SKU0055,Tata Steel,Katni Plant,WH-East,Rail,High,645,4318.69,99212.82,584202.68,63236.53,3773.58,1397,280,36,12,2,3867,0.077,Fail,No,0.0454,4.3,2023-05-11 16:00:00
Raw Material,SKU0006,Vedanta,Bhopal Plant,WH-West,Air,High,869,45602.83,542659.76,629968.05,23348.48,13154.95,372,257,17,17,2,3870,0.007,Pass,No,0.0328,3.2,2023-05-12 08:00:00
Packaging,SKU0197,Hindalco,Katni Plant,WH-Central,Rail,Low,410,18065.61,1064144.42,795588.06,73121.85,4285.69,1828,124,41,4,14,1713,0.1112,Fail,Yes,0.0519,2.9,2023-05-13 00:00:00
Spare Parts,SKU0095,Hindalco,Nagpur Plant,WH-West,Road,Critical,508,21526.19,1067808.36,488330.19,9605.6,5985.46,1501,63,13,10,2,1979,0.1154,Pass,Yes,0.0445,4.8,2023-05-13 16:00:00
Semi-Finished,SKU0133,Tata Steel,Nagpur Plant,WH-South,Road,Low,297,11159.55,1198419.5,253230.24,68559.68,16872.42,1778,180,36,11,10,4208,0.0235,Fail,Yes,0.0208,3.6,2023-05-14 08:00:00
Finished Goods,SKU0102,SAIL,Katni Plant,WH-West,Rail,Medium,615,30056.24,1515768.54,671649.36,27596.49,5773.38,478,292,22,6,12,2446,0.0815,Pending,No,0.0324,3.2,2023-05-15 00:00:00
Raw Material,SKU0003,JSW Steel,Katni Plant,WH-North,Courier,Low,722,29942.76,1265781.77,495443.76,6194.24,2852.51,831,163,44,6,1,1199,0.012,Fail,Yes,0.0348,3.7,2023-05-15 16:00:00
Raw Material,SKU0181,Hindalco,Bhopal Plant,WH-South,Road,Low,995,18923.92,1220548.85,469144.38,54209.84,10204.28,649,111,37,9,5,1174,0.0878,Pending,No,0.0705,4.8,2023-05-16 08:00:00
Spare Parts,SKU0023,Hindalco,Katni Plant,WH-South,Road,Medium,471,16985.23,154353.2,210372.09,20039.83,7389.25,1614,155,18,15,8,886,0.0423,Pass,Yes,0.0769,3.5,2023-05-17 00:00:00
Finished Goods,SKU0053,SAIL,Bhopal Plant,WH-Central,Courier,Medium,972,44305.73,784234.06,607504.07,20998.55,15943.85,681,113,33,2,2,248,0.082,Pass,No,0.0715,3.9,2023-05-17 16:00:00
Packaging,SKU0165,SAIL,Bhopal Plant,WH-East,Courier,Medium,787,19472.57,502508.69,74517.15,25871.68,3968.65,1658,151,42,4,13,1854,0.0454,Pass,No,0.0578,4.5,2023-05-18 08:00:00
Finished Goods,SKU0083,Vedanta,Katni Plant,WH-South,Air,Medium,64,24928.3,567471.72,740186.79,6967.41,22801.35,687,222,7,5,5,2269,0.0183,Pass,Yes,0.0472,3.6,2023-05-19 00:00:00
Spare Parts,SKU0145,Vedanta,Raipur Plant,WH-East,Courier,Low,785,14523.59,1130958.07,267400.53,15815.92,27280.77,1323,155,25,17,12,3856,0.0493,Fail,Yes,0.0555,3.1,2023-05-19 16:00:00
Spare Parts,SKU0085,JSW Steel,Raipur Plant,WH-West,Rail,Low,622,39445.09,439035.36,110941.98,2400.89,22559.62,81,259,28,8,8,1279,0.0144,Pass,Yes,0.0752,5.0,2023-05-20 08:00:00
Finished Goods,SKU0078,JSW Steel,Bhopal Plant,WH-North,Rail,Medium,171,20173.68,623200.75,359469.56,36741.94,16451.98,86,235,21,8,10,3409,0.0696,Pass,Yes,0.0207,4.9,2023-05-21 00:00:00
Spare Parts,SKU0110,Tata Steel,Katni Plant,WH-Central,Air,Medium,326,25923.75,512315.18,43551.23,8571.92,25959.37,224,69,26,12,14,2523,0.0059,Pass,Yes,0.0433,4.6,2023-05-21 16:00:00
Finished Goods,SKU0001,Vedanta,Raipur Plant,WH-East,Road,High,607,13041.18,1899580.74,550854.69,55246.9,21152.63,15,107,3,8,5,4277,0.0638,Pass,No,0.0555,4.2,2023-05-22 08:00:00
Semi-Finished,SKU0051,Hindalco,Katni Plant,WH-South,Road,High,502,49389.15,1892098.18,723137.35,20378.58,1305.98,821,161,10,19,2,4687,0.1065,Pass,Yes,0.0547,3.2,2023-05-23 00:00:00
Finished Goods,SKU0173,Vedanta,Katni Plant,WH-East,Courier,High,439,14929.04,1239386.04,671437.78,75598.78,12428.61,1381,266,29,3,3,1024,0.1007,Fail,No,0.0209,4.8,2023-05-23 16:00:00
Finished Goods,SKU0004,Hindalco,Katni Plant,WH-South,Rail,High,343,38651.76,1852818.81,110621.88,69957.63,25677.61,162,106,39,18,6,1703,0.1061,Pass,No,0.0474,3.2,2023-05-24 08:00:00
Spare Parts,SKU0190,SAIL,Indore Plant,WH-East,Road,Medium,623,21661.03,1582334.66,109754.2,24576.39,11029.91,1633,279,4,19,11,3152,0.1107,Pass,Yes,0.0639,4.5,2023-05-25 00:00:00
Spare Parts,SKU0193,Vedanta,Katni Plant,WH-South,Air,High,647,10707.76,1200398.37,652613.24,63090.81,2021.24,1691,254,21,19,11,4318,0.0134,Pass,No,0.0385,4.8,2023-05-25 16:00:00
Raw Material,SKU0113,SAIL,Indore Plant,WH-West,Air,Medium,495,40086.08,62548.66,740160.88,64653.1,22639.21,513,245,7,15,5,4903,0.0163,Fail,Yes,0.0637,4.0,2023-05-26 08:00:00
Raw Material,SKU0032,JSW Steel,Bhopal Plant,WH-South,Rail,Medium,259,17013.54,1556406.76,373929.17,78951.92,24259.11,349,168,40,6,11,2477,0.0673,Pass,No,0.0294,4.5,2023-05-27 00:00:00
Semi-Finished,SKU0034,JSW Steel,Raipur Plant,WH-South,Air,High,639,43327.07,1419852.27,404187.18,48631.52,5657.22,1932,255,34,16,4,3580,0.1074,Pending,Yes,0.0752,4.5,2023-05-27 16:00:00
Raw Material,SKU0092,Tata Steel,Raipur Plant,WH-North,Air,Medium,763,45805.23,1249744.62,261427.01,8393.33,16582.87,680,146,2,8,4,3282,0.1169,Pass,Yes,0.0432,3.0,2023-05-28 08:00:00
Finished Goods,SKU0095,Vedanta,Raipur Plant,WH-South,Rail,High,351,43061.28,1532827.41,716469.44,52453.3,6566.71,1487,141,38,16,5,2917,0.0065,Pass,Yes,0.0481,4.2,2023-05-29 00:00:00
Spare Parts,SKU0072,SAIL,Raipur Plant,WH-North,Courier,High,958,2232.89,1050198.22,519473.3,50748.42,21857.8,1850,101,7,18,2,3260,0.0433,Pass,Yes,0.0035,2.7,2023-05-29 16:00:00
Raw Material,SKU0039,Hindalco,Raipur Plant,WH-Central,Courier,High,272,39474.98,1422962.38,237718.75,51791.35,8874.96,1860,86,35,16,9,4905,0.0263,Pass,Yes,0.0145,3.8,2023-05-30 08:00:00
Raw Material,SKU0154,JSW Steel,Raipur Plant,WH-North,Air,Critical,783,20861.3,1873585.57,246038.47,25957.36,10170.24,1398,57,16,11,2,4989,0.091,Fail,Yes,0.051,2.9,2023-05-31 00:00:00
Semi-Finished,SKU0162,JSW Steel,Raipur Plant,WH-West,Courier,Medium,52,43749.28,782819.78,714048.06,69055.01,25504.15,1115,93,27,7,10,811,0.0772,Pass,Yes,0.0342,3.5,2023-05-31 16:00:00
Semi-Finished,SKU0182,Hindalco,Bhopal Plant,WH-North,Courier,Medium,567,32078.74,1430837.58,20770.88,76838.83,14813.35,180,147,15,17,2,2686,0.0153,Pass,No,0.0411,4.6,2023-06-01 08:00:00
Finished Goods,SKU0118,SAIL,Katni Plant,WH-Central,Air,Medium,142,41765.34,977591.25,264953.99,18981.58,20422.88,742,285,8,17,10,2748,0.0585,Fail,Yes,0.006,5.0,2023-06-02 00:00:00
Spare Parts,SKU0003,SAIL,Nagpur Plant,WH-West,Courier,Medium,569,25221.87,1365079.32,447941.78,8875.87,12668.82,1324,182,32,12,14,1817,0.0826,Pass,Yes,0.0669,3.3,2023-06-02 16:00:00
Semi-Finished,SKU0123,Vedanta,Indore Plant,WH-East,Air,High,477,26983.76,1537642.0,127091.8,17173.73,9642.2,659,167,25,13,9,4452,0.0937,Pass,Yes,0.063,3.8,2023-06-03 08:00:00
Raw Material,SKU0050,Vedanta,Nagpur Plant,WH-East,Road,High,542,7647.19,138632.38,82758.02,66003.07,19138.86,1815,118,32,10,14,970,0.0034,Fail,No,0.0156,3.8,2023-06-04 00:00:00
Spare Parts,SKU0012,Tata Steel,Nagpur Plant,WH-North,Rail,High,284,39307.37,1310870.87,654068.3,54778.28,5490.87,1212,208,30,7,3,3674,0.107,Pass,No,0.0511,4.9,2023-06-04 16:00:00
Spare Parts,SKU0193,JSW Steel,Katni Plant,WH-North,Rail,Medium,669,21259.79,492145.31,716579.47,51611.69,11817.0,1882,94,43,14,10,370,0.0687,Pending,Yes,0.0656,3.7,2023-06-05 08:00:00
Raw Material,SKU0054,Vedanta,Katni Plant,WH-Central,Courier,Low,210,25253.97,1356563.45,660649.07,33339.86,7062.07,1885,186,33,1,7,1643,0.0976,Pass,Yes,0.0516,4.2,2023-06-06 00:00:00
Semi-Finished,SKU0133,SAIL,Katni Plant,WH-Central,Courier,Medium,770,39362.34,963243.86,720042.43,47070.58,21178.05,1337,283,18,17,4,649,0.0971,Fail,Yes,0.0255,4.8,2023-06-06 16:00:00
Raw Material,SKU0057,Hindalco,Raipur Plant,WH-South,Courier,Low,801,30142.85,1558427.85,446958.46,26014.18,28382.06,492,81,15,4,13,4763,0.0236,Pass,Yes,0.0528,3.4,2023-06-07 08:00:00
Spare Parts,SKU0145,SAIL,Bhopal Plant,WH-Central,Rail,High,380,10454.39,290631.59,651683.92,39221.61,29869.82,922,82,41,5,13,4114,0.0141,Pending,No,0.0176,4.8,2023-06-08 00:00:00
Packaging,SKU0112,JSW Steel,Raipur Plant,WH-South,Road,Medium,382,29716.52,1271328.59,313393.68,63858.92,14058.03,1945,175,37,7,6,4554,0.0868,Pass,Yes,0.0261,4.8,2023-06-08 16:00:00
Packaging,SKU0047,SAIL,Bhopal Plant,WH-West,Road,Low,99,20677.83,593017.92,536351.61,78536.84,8323.38,127,116,25,10,14,1812,0.0196,Fail,No,0.02,4.8,2023-06-09 08:00:00
Finished Goods,SKU0151,Tata Steel,Bhopal Plant,WH-North,Rail,Low,572,23741.51,1713314.89,791180.07,74734.14,13842.05,1542,79,28,17,4,3340,0.1021,Pass,Yes,0.045,3.2,2023-06-10 00:00:00
Raw Material,SKU0085,JSW Steel,Nagpur Plant,WH-West,Road,High,912,1901.41,1860347.84,188324.9,74841.54,25570.81,1449,163,26,7,10,1462,0.0874,Pass,No,0.0095,3.5,2023-06-10 16:00:00
Raw Material,SKU0142,Hindalco,Nagpur Plant,WH-Central,Rail,High,717,10896.45,1992976.67,318020.8,33373.45,6974.16,1582,253,33,1,7,4993,0.1012,Pass,Yes,0.0747,4.7,2023-06-11 08:00:00
Finished Goods,SKU0066,Tata Steel,Bhopal Plant,WH-West,Road,Medium,541,14411.39,1602214.43,389237.43,38565.61,28610.77,564,78,19,7,1,1384,0.0366,Fail,No,0.0273,3.4,2023-06-12 00:00:00
Finished Goods,SKU0075,JSW Steel,Bhopal Plant,WH-West,Air,Low,631,35791.52,1519781.44,119032.23,57039.56,10914.11,1210,180,19,11,3,986,0.0387,Pending,No,0.0183,4.0,2023-06-12 16:00:00
Finished Goods,SKU0179,Hindalco,Raipur Plant,WH-West,Air,Medium,730,1068.88,470226.48,74020.5,73930.97,29588.31,549,267,38,9,13,2358,0.0809,Pass,No,0.0402,2.8,2023-06-13 08:00:00
Spare Parts,SKU0103,Tata Steel,Raipur Plant,WH-Central,Rail,Medium,321,20734.47,705213.77,665481.06,13075.55,25319.66,452,234,27,12,3,4482,0.0047,Pass,Yes,0.0229,2.6,2023-06-14 00:00:00
Raw Material,SKU0166,Tata Steel,Nagpur Plant,WH-West,Road,High,629,46239.33,958080.96,781667.55,25730.87,24448.55,470,79,10,3,1,1885,0.0875,Fail,Yes,0.0433,3.5,2023-06-14 16:00:00
Spare Parts,SKU0192,JSW Steel,Katni Plant,WH-South,Courier,High,916,6038.09,1558093.04,329732.8,12861.25,10219.24,987,186,36,4,6,4938,0.1005,Pass,Yes,0.0285,3.9,2023-06-15 08:00:00
Finished Goods,SKU0038,Vedanta,Bhopal Plant,WH-Central,Road,Medium,301,26063.01,1834183.44,79243.37,49736.67,1254.54,737,203,9,4,13,3643,0.0504,Pending,Yes,0.0114,3.5,2023-06-16 00:00:00
Raw Material,SKU0050,Tata Steel,Raipur Plant,WH-West,Air,Medium,609,39432.86,418821.25,61991.29,25891.48,12081.85,1588,179,21,13,11,395,0.092,Pass,Yes,0.022,3.9,2023-06-16 16:00:00
Spare Parts,SKU0098,Tata Steel,Nagpur Plant,WH-Central,Air,Critical,745,47155.3,1848616.6,714141.38,27436.41,9752.47,1934,111,43,19,14,2153,0.0218,Fail,Yes,0.0356,3.8,2023-06-17 08:00:00
Spare Parts,SKU0082,Hindalco,Raipur Plant,WH-East,Road,Medium,881,37465.44,1406468.07,376413.26,7531.44,2084.51,223,52,23,10,9,2697,0.0393,Pass,Yes,0.0034,4.2,2023-06-18 00:00:00
Finished Goods,SKU0030,SAIL,Bhopal Plant,WH-South,Road,High,748,36167.99,1241002.92,262821.58,29284.09,15655.59,153,223,20,5,8,780,0.1169,Pass,Yes,0.0619,4.1,2023-06-18 16:00:00
Raw Material,SKU0079,JSW Steel,Bhopal Plant,WH-West,Courier,Low,139,41411.16,439690.48,386404.4,69274.73,12687.91,559,117,31,7,11,4990,0.1184,Fail,Yes,0.0501,3.6,2023-06-19 08:00:00
Finished Goods,SKU0091,JSW Steel,Indore Plant,WH-East,Courier,Medium,495,22586.96,158273.81,261460.23,20179.68,19402.14,350,74,29,16,7,4398,0.062,Pending,Yes,0.0485,3.6,2023-06-20 00:00:00
Raw Material,SKU0179,Vedanta,Katni Plant,WH-East,Road,Low,381,40389.3,1158506.55,396338.26,56224.62,19014.4,1170,228,36,1,10,424,0.1122,Pending,Yes,0.0441,2.9,2023-06-20 16:00:00
Packaging,SKU0191,Vedanta,Indore Plant,WH-Central,Road,Medium,188,894.24,1320455.58,689049.55,51111.01,4501.65,1928,190,44,12,8,2391,0.0632,Pass,Yes,0.0476,3.8,2023-06-21 08:00:00
Semi-Finished,SKU0052,JSW Steel,Nagpur Plant,WH-East,Road,Critical,406,46265.77,461023.83,477918.08,69351.8,29332.0,1599,280,12,2,6,4522,0.0357,Pass,Yes,0.0748,4.0,2023-06-22 00:00:00
Semi-Finished,SKU0166,Vedanta,Raipur Plant,WH-South,Road,Medium,650,22443.67,1135089.6,558776.48,12318.46,6421.01,348,93,32,7,9,1086,0.0328,Pass,Yes,0.0017,3.7,2023-06-22 16:00:00
Semi-Finished,SKU0079,Hindalco,Nagpur Plant,WH-South,Rail,Low,323,27892.32,1720162.14,298089.83,78252.02,13912.95,181,212,40,11,3,3218,0.1116,Pending,No,0.0048,3.3,2023-06-23 08:00:00
Finished Goods,SKU0030,JSW Steel,Bhopal Plant,WH-North,Road,Low,68,13116.67,1678378.59,593419.64,47445.03,15155.41,636,104,37,13,10,860,0.0215,Pass,No,0.0161,4.3,2023-06-24 00:00:00
Packaging,SKU0106,Vedanta,Indore Plant,WH-South,Courier,Medium,360,37255.28,1858342.6,536627.5,79646.98,24578.82,1017,264,31,2,10,3793,0.07,Pass,No,0.0142,2.7,2023-06-24 16:00:00
Raw Material,SKU0051,JSW Steel,Indore Plant,WH-East,Air,Low,919,4293.47,763477.33,104453.98,73098.15,3877.66,178,186,24,7,9,1136,0.0671,Pass,No,0.0153,4.8,2023-06-25 08:00:00
Spare Parts,SKU0081,SAIL,Indore Plant,WH-South,Rail,Low,935,43695.47,670196.67,462387.85,19278.35,13430.68,1062,179,20,15,4,1006,0.089,Pass,Yes,0.0541,2.6,2023-06-26 00:00:00
Raw Material,SKU0133,Tata Steel,Nagpur Plant,WH-Central,Road,High,203,41491.78,1511380.71,212827.36,6380.64,19226.56,771,238,13,11,7,464,0.0604,Pending,Yes,0.0373,4.9,2023-06-26 16:00:00
Spare Parts,SKU0029,JSW Steel,Bhopal Plant,WH-North,Air,Medium,439,11194.98,890669.19,645235.58,21939.85,7239.51,893,295,16,2,13,3513,0.0334,Pass,Yes,0.0794,3.7,2023-06-27 08:00:00
Raw Material,SKU0132,Tata Steel,Raipur Plant,WH-East,Rail,Medium,309,40561.56,220719.89,346490.79,43149.96,19196.57,1026,90,32,7,9,1169,0.0212,Pass,Yes,0.0189,3.5,2023-06-28 00:00:00
Packaging,SKU0138,Vedanta,Raipur Plant,WH-North,Air,Critical,669,39424.71,601462.2,795800.49,15384.52,27786.28,1015,221,44,4,2,4469,0.0749,Pass,Yes,0.0256,3.1,2023-06-28 16:00:00
Spare Parts,SKU0184,Tata Steel,Nagpur Plant,WH-East,Road,Low,932,31794.72,866235.46,83075.35,15061.86,29928.03,63,113,38,11,2,2355,0.0866,Pass,Yes,0.0788,2.5,2023-06-29 08:00:00
Finished Goods,SKU0145,JSW Steel,Indore Plant,WH-Central,Road,Critical,846,18989.25,620407.03,626474.81,38082.3,1941.08,28,80,38,2,9,3786,0.0688,Pass,Yes,0.0667,3.2,2023-06-30 00:00:00
Raw Material,SKU0074,SAIL,Katni Plant,WH-North,Courier,Medium,620,13939.19,697800.86,542224.37,4594.9,7832.06,371,285,16,16,12,4319,0.0889,Pass,Yes,0.0381,2.8,2023-06-30 16:00:00
Raw Material,SKU0017,Vedanta,Nagpur Plant,WH-West,Road,High,174,11973.29,622863.02,616324.08,11507.27,9998.91,1546,96,30,7,13,3181,0.0178,Fail,No,0.0448,4.1,2023-07-01 08:00:00
Spare Parts,SKU0084,JSW Steel,Nagpur Plant,WH-East,Road,High,403,16271.14,130923.38,252948.54,34437.18,12574.66,96,179,44,13,3,3358,0.106,Pass,Yes,0.0676,3.3,2023-07-02 00:00:00
Finished Goods,SKU0069,Vedanta,Bhopal Plant,WH-West,Rail,High,322,45226.14,1292334.67,398723.05,6924.13,8025.46,1893,145,27,5,9,2207,0.0703,Pass,Yes,0.039,4.4,2023-07-02 16:00:00
Finished Goods,SKU0034,Hindalco,Raipur Plant,WH-North,Courier,Critical,668,4343.22,1214720.22,639241.73,32946.89,6901.15,1465,259,3,17,13,3033,0.0161,Pass,Yes,0.0173,3.0,2023-07-03 08:00:00
Packaging,SKU0006,Tata Steel,Nagpur Plant,WH-West,Rail,Medium,860,41529.13,1324097.82,193707.65,38972.49,28682.06,1226,126,21,12,5,2929,0.056,Fail,Yes,0.0664,4.8,2023-07-04 00:00:00
Finished Goods,SKU0053,Hindalco,Nagpur Plant,WH-West,Air,Critical,294,17770.06,425004.3,188566.23,37198.8,27637.13,1434,159,16,19,6,541,0.1015,Pass,Yes,0.0435,3.8,2023-07-04 16:00:00
Finished Goods,SKU0194,JSW Steel,Indore Plant,WH-North,Road,Medium,897,26319.17,626526.36,445330.25,69795.64,2362.78,992,118,5,7,2,1659,0.1078,Fail,No,0.0131,2.8,2023-07-05 08:00:00
Finished Goods,SKU0126,SAIL,Indore Plant,WH-Central,Air,Medium,499,39827.04,1258251.06,423615.23,43344.87,10825.58,20,107,23,6,8,1841,0.0325,Pass,Yes,0.0409,3.5,2023-07-06 00:00:00
Semi-Finished,SKU0043,Vedanta,Katni Plant,WH-West,Rail,Medium,979,44276.64,1219273.76,232987.35,38502.48,12749.31,1574,155,39,8,11,725,0.0856,Fail,Yes,0.0336,3.0,2023-07-06 16:00:00
Packaging,SKU0115,Tata Steel,Bhopal Plant,WH-West,Road,Medium,296,17566.68,1037344.1,245479.76,34035.32,7931.42,734,93,24,13,9,3963,0.0129,Pass,Yes,0.0703,3.0,2023-07-07 08:00:00
Raw Material,SKU0111,Vedanta,Katni Plant,WH-Central,Road,Low,569,23361.25,733305.84,229497.68,65774.62,19237.31,1125,123,27,5,2,1790,0.005,Pending,Yes,0.011,3.8,2023-07-08 00:00:00
Spare Parts,SKU0151,JSW Steel,Indore Plant,WH-West,Rail,Medium,190,21018.55,1830215.46,619494.53,71814.42,19571.04,1069,105,12,2,6,2881,0.0677,Pass,No,0.0701,4.2,2023-07-08 16:00:00
Raw Material,SKU0183,Vedanta,Raipur Plant,WH-West,Rail,Medium,411,1155.93,712551.97,525001.68,68552.91,25664.62,65,220,29,9,6,190,0.0837,Pass,Yes,0.0415,4.8,2023-07-09 08:00:00
Packaging,SKU0080,Tata Steel,Indore Plant,WH-West,Rail,High,57,15149.17,938457.36,667609.57,54536.63,22485.21,602,176,3,11,8,3106,0.0957,Fail,No,0.0329,3.8,2023-07-10 00:00:00
Spare Parts,SKU0095,JSW Steel,Bhopal Plant,WH-South,Rail,High,527,23229.87,1372321.97,780623.69,12714.22,16734.63,1187,266,9,6,10,4402,0.0415,Pass,No,0.0138,4.9,2023-07-10 16:00:00
Packaging,SKU0118,Vedanta,Indore Plant,WH-Central,Rail,Medium,401,20849.13,1108891.79,384589.79,23595.86,19954.02,1994,211,30,7,12,1188,0.0018,Pending,No,0.0564,4.9,2023-07-11 08:00:00
Finished Goods,SKU0144,SAIL,Bhopal Plant,WH-West,Road,Medium,544,36235.5,726427.65,62688.17,5592.92,8945.67,1134,278,12,7,5,4711,0.0581,Pass,Yes,0.0742,4.7,2023-07-12 00:00:00
Spare Parts,SKU0008,JSW Steel,Bhopal Plant,WH-Central,Rail,Medium,655,19547.78,899507.34,47992.93,74604.28,18198.63,337,79,38,19,9,1280,0.0029,Pending,Yes,0.0307,3.7,2023-07-12 16:00:00
Finished Goods,SKU0132,JSW Steel,Bhopal Plant,WH-East,Road,Low,882,24724.13,1599237.59,243575.38,53542.29,15187.59,122,120,19,6,1,2001,0.0119,Fail,Yes,0.0201,2.9,2023-07-13 08:00:00
Raw Material,SKU0104,SAIL,Bhopal Plant,WH-East,Road,Low,476,21765.63,592351.85,746710.23,60216.3,4866.99,1728,247,15,11,9,4590,0.0399,Pending,Yes,0.0448,3.0,2023-07-14 00:00:00
Raw Material,SKU0132,Hindalco,Bhopal Plant,WH-West,Rail,Medium,88,37160.99,327397.72,423338.31,26302.6,8033.78,446,167,11,11,10,286,0.053,Pending,Yes,0.0639,4.1,2023-07-14 16:00:00
Spare Parts,SKU0184,Tata Steel,Raipur Plant,WH-Central,Rail,Medium,642,43217.13,660668.24,224711.35,67960.97,9459.11,610,104,36,7,7,1697,0.0343,Pending,No,0.0013,3.6,2023-07-15 08:00:00
Spare Parts,SKU0025,Hindalco,Katni Plant,WH-Central,Courier,Critical,236,26828.51,1706591.72,325341.77,22249.06,27804.98,1314,116,10,2,4,3508,0.0702,Fail,No,0.0509,2.9,2023-07-16 00:00:00
Packaging,SKU0195,Vedanta,Nagpur Plant,WH-Central,Road,Medium,645,39576.89,223529.94,482890.13,2128.21,7681.21,670,190,36,19,3,3847,0.0076,Pass,No,0.0481,3.7,2023-07-16 16:00:00
Packaging,SKU0096,SAIL,Katni Plant,WH-South,Rail,Medium,649,15190.94,1983807.34,525830.23,31360.37,9388.07,1435,52,12,4,14,2770,0.0182,Pass,Yes,0.0261,2.5,2023-07-17 08:00:00
Finished Goods,SKU0195,Hindalco,Bhopal Plant,WH-East,Rail,Medium,803,27297.8,1104955.65,131596.41,46519.4,11711.27,614,75,13,6,10,4925,0.0837,Fail,Yes,0.0367,4.3,2023-07-18 00:00:00
Spare Parts,SKU0155,JSW Steel,Raipur Plant,WH-Central,Rail,Low,903,17588.88,1970449.2,781855.02,39338.98,20248.54,896,106,4,17,11,339,0.0179,Pending,Yes,0.0205,2.7,2023-07-18 16:00:00
Raw Material,SKU0093,Vedanta,Indore Plant,WH-Central,Courier,Medium,142,21002.95,1881043.02,440370.06,69241.94,4428.91,280,175,40,5,14,2680,0.0771,Fail,No,0.0634,4.1,2023-07-19 08:00:00
Packaging,SKU0160,Vedanta,Raipur Plant,WH-South,Courier,High,135,36754.49,932986.74,117193.77,10221.61,28664.41,1066,201,15,7,6,4336,0.0075,Pending,No,0.0511,4.5,2023-07-20 00:00:00
Packaging,SKU0178,Hindalco,Bhopal Plant,WH-South,Air,Medium,93,44142.29,437057.6,715971.85,45198.23,26101.57,1509,102,29,9,12,238,0.0495,Fail,Yes,0.0431,2.8,2023-07-20 16:00:00
Raw Material,SKU0061,Hindalco,Raipur Plant,WH-Central,Road,Medium,186,6514.02,371525.31,68964.36,42012.39,17739.27,595,247,12,1,13,2606,0.0221,Pass,Yes,0.032,3.8,2023-07-21 08:00:00
Packaging,SKU0122,SAIL,Raipur Plant,WH-North,Air,Critical,470,31914.64,517979.26,727110.99,23948.65,20547.1,1986,92,40,1,1,4265,0.014,Pass,No,0.024,4.4,2023-07-22 00:00:00
Finished Goods,SKU0051,Tata Steel,Bhopal Plant,WH-Central,Rail,High,123,29316.12,1434758.65,797286.87,66133.79,1483.15,702,237,26,19,3,4580,0.0685,Pass,No,0.066,3.2,2023-07-22 16:00:00
Spare Parts,SKU0147,Hindalco,Raipur Plant,WH-Central,Courier,High,597,6361.54,582252.49,563341.12,60722.2,10829.4,1074,235,22,6,2,4825,0.1115,Pass,No,0.0367,2.9,2023-07-23 08:00:00
Raw Material,SKU0021,Hindalco,Nagpur Plant,WH-South,Courier,Medium,662,10988.77,715779.28,618653.3,59163.02,24074.15,1921,98,11,18,11,2345,0.0075,Pass,Yes,0.0406,3.3,2023-07-24 00:00:00
Spare Parts,SKU0005,JSW Steel,Nagpur Plant,WH-South,Air,High,561,15894.62,925118.67,276469.24,70343.01,3247.01,209,91,44,10,13,4400,0.0512,Pending,Yes,0.0421,3.9,2023-07-24 16:00:00
Packaging,SKU0092,Vedanta,Raipur Plant,WH-Central,Courier,Medium,205,8763.09,1830803.73,753845.71,58377.2,9187.1,125,253,16,11,9,1849,0.0852,Fail,Yes,0.0364,3.9,2023-07-25 08:00:00
Packaging,SKU0170,Tata Steel,Indore Plant,WH-Central,Rail,Medium,987,12564.61,419317.16,428474.03,20083.62,17973.61,491,290,20,1,3,667,0.0561,Pass,Yes,0.0212,2.8,2023-07-26 00:00:00
Raw Material,SKU0061,JSW Steel,Bhopal Plant,WH-Central,Courier,Low,304,13746.24,59801.78,588586.87,57033.89,8435.98,1532,277,23,1,13,981,0.097,Pass,Yes,0.0105,3.6,2023-07-26 16:00:00
Finished Goods,SKU0022,SAIL,Nagpur Plant,WH-South,Air,Medium,220,17115.85,167188.0,740045.1,26000.82,28085.36,959,243,22,13,2,739,0.0224,Pass,Yes,0.0088,3.2,2023-07-27 08:00:00
Semi-Finished,SKU0149,SAIL,Indore Plant,WH-Central,Rail,Medium,777,37594.83,1814294.37,780392.18,20889.62,4800.7,969,60,33,5,4,4061,0.1152,Pass,No,0.0608,4.6,2023-07-28 00:00:00
Raw Material,SKU0070,Hindalco,Raipur Plant,WH-Central,Air,Medium,219,28809.65,1312657.11,668231.44,7694.28,24124.44,580,152,24,1,14,4520,0.0468,Pass,Yes,0.0187,3.3,2023-07-28 16:00:00
Semi-Finished,SKU0001,Hindalco,Indore Plant,WH-West,Courier,Critical,813,49319.21,582429.21,249383.83,60034.23,15730.51,776,147,14,3,2,4637,0.0416,Pass,No,0.0054,4.6,2023-07-29 08:00:00
Semi-Finished,SKU0133,SAIL,Katni Plant,WH-North,Air,Critical,921,21029.42,395525.38,773572.54,57458.08,22759.59,257,267,6,18,1,4999,0.1051,Pass,Yes,0.064,3.6,2023-07-30 00:00:00
Finished Goods,SKU0012,Hindalco,Nagpur Plant,WH-East,Air,High,371,37816.32,623820.14,506214.43,20290.96,10010.74,1953,195,5,9,6,2435,0.0681,Pass,Yes,0.0132,4.3,2023-07-30 16:00:00
Semi-Finished,SKU0090,Tata Steel,Raipur Plant,WH-North,Road,Medium,616,43637.69,273854.01,745207.56,60451.56,15920.2,1211,134,29,14,10,4421,0.0625,Pending,Yes,0.0504,3.8,2023-07-31 08:00:00
Semi-Finished,SKU0046,Hindalco,Bhopal Plant,WH-West,Courier,High,505,34109.44,1885989.18,544122.97,73591.59,25848.23,229,149,15,17,8,3085,0.0875,Pass,Yes,0.0278,4.1,2023-08-01 00:00:00
Finished Goods,SKU0034,Vedanta,Raipur Plant,WH-East,Courier,Low,993,20887.3,1579202.04,252718.78,10426.26,14539.46,188,153,9,14,10,659,0.07,Pass,Yes,0.011,3.5,2023-08-01 16:00:00
Semi-Finished,SKU0177,Hindalco,Bhopal Plant,WH-Central,Air,High,652,37802.93,951662.79,302319.37,20145.66,11431.88,1438,229,10,4,10,813,0.0203,Pass,Yes,0.0337,4.4,2023-08-02 08:00:00
Semi-Finished,SKU0078,JSW Steel,Raipur Plant,WH-West,Road,Low,839,10581.52,1736677.08,444872.7,60520.34,16548.51,9,95,36,5,2,4693,0.0812,Pass,Yes,0.0022,3.6,2023-08-03 00:00:00
Semi-Finished,SKU0045,Tata Steel,Indore Plant,WH-Central,Courier,High,662,16713.83,536443.5,634111.72,23411.52,21803.52,1137,93,38,17,14,4088,0.0169,Fail,Yes,0.0674,3.6,2023-08-03 16:00:00
Raw Material,SKU0155,JSW Steel,Indore Plant,WH-South,Rail,Medium,204,27560.92,1448385.11,261206.22,50723.79,13863.34,1099,71,22,2,9,356,0.0969,Fail,Yes,0.0416,3.8,2023-08-04 08:00:00
Raw Material,SKU0073,JSW Steel,Indore Plant,WH-West,Air,High,938,28982.76,1719458.37,467987.62,8330.81,28227.43,675,230,19,5,13,676,0.1188,Pass,No,0.012,4.6,2023-08-05 00:00:00
Raw Material,SKU0026,Vedanta,Katni Plant,WH-South,Courier,Critical,398,1596.0,745698.99,283043.74,37271.79,9553.43,501,236,34,4,3,137,0.0459,Fail,Yes,0.0197,4.1,2023-08-05 16:00:00
Finished Goods,SKU0047,Tata Steel,Bhopal Plant,WH-West,Rail,Low,500,47283.15,1527055.67,654457.83,59649.13,14788.44,84,271,9,4,8,2172,0.0539,Pass,Yes,0.0364,3.4,2023-08-06 08:00:00
Packaging,SKU0121,Tata Steel,Indore Plant,WH-West,Courier,Medium,925,34983.05,625391.08,378715.19,55548.09,22950.9,48,163,18,6,12,4605,0.0065,Fail,No,0.0159,4.2,2023-08-07 00:00:00
Semi-Finished,SKU0056,Tata Steel,Katni Plant,WH-South,Rail,Critical,702,25037.34,632771.41,70611.03,65575.62,20984.51,1518,284,44,13,8,560,0.0026,Pass,Yes,0.0222,4.1,2023-08-07 16:00:00
Semi-Finished,SKU0094,Tata Steel,Bhopal Plant,WH-East,Air,Medium,222,46689.8,258761.5,141181.49,70441.27,26045.59,837,174,32,5,3,1540,0.1106,Pass,No,0.0432,4.8,2023-08-08 08:00:00
Finished Goods,SKU0107,Tata Steel,Raipur Plant,WH-North,Courier,High,59,22235.23,908113.19,58272.69,62308.31,29907.47,1007,173,35,7,3,4578,0.0163,Fail,Yes,0.0668,4.6,2023-08-09 00:00:00
Semi-Finished,SKU0063,Vedanta,Katni Plant,WH-Central,Courier,Medium,789,49031.56,1472938.22,404449.33,54383.84,13378.89,688,79,7,1,12,1932,0.054,Fail,No,0.0327,4.1,2023-08-09 16:00:00
Raw Material,SKU0048,Hindalco,Nagpur Plant,WH-West,Road,Medium,314,25858.1,1883430.57,94006.46,4474.35,4223.38,386,57,23,14,6,4764,0.098,Fail,Yes,0.0576,3.4,2023-08-10 08:00:00
Packaging,SKU0061,JSW Steel,Katni Plant,WH-Central,Air,Medium,487,6157.15,1227404.13,100170.58,43727.4,1882.06,969,147,15,4,1,3499,0.1068,Pass,No,0.0703,4.4,2023-08-11 00:00:00
Spare Parts,SKU0081,Tata Steel,Katni Plant,WH-South,Rail,Medium,809,38357.65,1733114.3,753428.13,4940.42,22079.43,1412,106,4,17,4,532,0.0628,Pass,No,0.0181,3.9,2023-08-11 16:00:00
Semi-Finished,SKU0026,Hindalco,Bhopal Plant,WH-Central,Courier,High,296,34105.44,1653864.57,699397.51,65029.29,26346.4,1005,160,13,14,1,4251,0.0682,Pending,Yes,0.0648,5.0,2023-08-12 08:00:00
Raw Material,SKU0036,Hindalco,Raipur Plant,WH-South,Courier,Medium,716,38762.84,388018.95,367148.41,27016.51,7400.66,217,122,37,16,14,1851,0.0807,Pass,Yes,0.0608,3.1,2023-08-13 00:00:00
Spare Parts,SKU0001,JSW Steel,Nagpur Plant,WH-Central,Rail,Medium,595,47596.38,997343.99,788786.2,45869.49,5594.99,1724,164,13,14,3,2147,0.1154,Pass,Yes,0.0292,2.7,2023-08-13 16:00:00
Packaging,SKU0008,Vedanta,Indore Plant,WH-North,Air,Medium,548,38936.22,278000.89,10147.36,23796.73,2803.95,1004,69,3,16,9,2940,0.0727,Pass,No,0.0792,2.7,2023-08-14 08:00:00
Spare Parts,SKU0113,SAIL,Indore Plant,WH-North,Road,Medium,178,30761.16,1380198.67,495043.77,63035.01,24858.38,1369,281,3,8,14,356,0.0676,Pass,Yes,0.0217,4.1,2023-08-15 00:00:00
Raw Material,SKU0099,SAIL,Katni Plant,WH-North,Road,High,721,42936.79,1902304.35,496978.26,71147.2,10030.08,1253,74,16,3,14,771,0.0027,Pass,No,0.0211,4.8,2023-08-15 16:00:00
Spare Parts,SKU0180,Hindalco,Bhopal Plant,WH-North,Courier,Critical,650,33825.7,317324.44,371380.01,33094.11,12649.21,254,68,24,19,5,589,0.0106,Pass,Yes,0.062,2.5,2023-08-16 08:00:00
Finished Goods,SKU0047,JSW Steel,Bhopal Plant,WH-North,Rail,Medium,654,20701.89,1481072.11,323588.9,69307.95,15579.76,235,54,30,1,12,3814,0.0697,Pass,No,0.0353,4.3,2023-08-17 00:00:00
Spare Parts,SKU0127,SAIL,Indore Plant,WH-North,Courier,High,376,44338.18,1282864.39,369752.68,22831.85,25344.14,1049,124,18,2,5,2196,0.1124,Pending,Yes,0.0271,4.1,2023-08-17 16:00:00
Semi-Finished,SKU0056,Hindalco,Nagpur Plant,WH-South,Rail,High,802,11484.07,1188029.82,337818.74,43703.55,19874.16,1607,256,33,15,11,1782,0.1041,Pass,Yes,0.0151,4.3,2023-08-18 08:00:00
Semi-Finished,SKU0014,Vedanta,Raipur Plant,WH-West,Road,Medium,884,35874.74,810734.46,587089.06,68983.39,18836.87,1284,177,8,10,4,4511,0.1179,Pass,Yes,0.0615,3.4,2023-08-19 00:00:00
Finished Goods,SKU0028,SAIL,Nagpur Plant,WH-Central,Air,Critical,453,44137.39,742506.71,116930.79,27418.74,6094.49,1789,121,31,18,3,2560,0.0638,Pass,Yes,0.0631,4.6,2023-08-19 16:00:00
Raw Material,SKU0078,Hindalco,Raipur Plant,WH-North,Rail,Medium,678,36700.17,138235.92,166134.98,76415.3,15882.51,270,260,29,14,5,4629,0.0948,Pass,Yes,0.0458,2.6,2023-08-20 08:00:00
Semi-Finished,SKU0130,Hindalco,Indore Plant,WH-South,Road,Low,655,35015.13,474921.98,152609.4,11506.6,21746.05,122,264,15,17,14,4012,0.101,Pass,Yes,0.0766,4.4,2023-08-21 00:00:00
Packaging,SKU0109,Tata Steel,Raipur Plant,WH-South,Courier,High,724,37755.6,79594.92,217351.76,3425.46,29224.57,655,204,31,13,11,2075,0.0781,Fail,Yes,0.0261,3.2,2023-08-21 16:00:00
Semi-Finished,SKU0154,Vedanta,Bhopal Plant,WH-South,Rail,Medium,660,23520.23,1183763.36,424954.15,72522.56,6840.78,1280,89,18,1,4,3316,0.0413,Pass,No,0.0183,3.7,2023-08-22 08:00:00
Semi-Finished,SKU0014,Tata Steel,Katni Plant,WH-West,Air,High,674,43771.45,256413.81,97854.91,7354.6,1276.76,1679,273,33,5,8,1489,0.0569,Fail,No,0.0545,4.6,2023-08-23 00:00:00
Raw Material,SKU0187,JSW Steel,Katni Plant,WH-Central,Courier,High,408,10570.11,1752387.82,695853.74,79367.36,3183.74,1444,75,7,13,4,4615,0.1031,Pass,Yes,0.0609,3.2,2023-08-23 16:00:00
Spare Parts,SKU0056,Tata Steel,Indore Plant,WH-West,Courier,Low,652,6805.63,1070128.89,244915.61,76208.96,11899.72,258,76,25,14,11,3956,0.0365,Pass,Yes,0.0188,3.0,2023-08-24 08:00:00
Semi-Finished,SKU0115,Tata Steel,Bhopal Plant,WH-East,Road,High,907,14632.68,1414395.32,138405.01,12687.63,24795.79,947,239,7,3,12,1684,0.1109,Pending,Yes,0.0071,4.2,2023-08-25 00:00:00
Finished Goods,SKU0007,SAIL,Nagpur Plant,WH-South,Rail,Medium,767,26813.08,851171.33,543740.83,43931.6,1207.12,46,132,28,15,8,3063,0.0283,Pass,Yes,0.065,3.8,2023-08-25 16:00:00
Spare Parts,SKU0003,Hindalco,Bhopal Plant,WH-East,Courier,Medium,66,25772.81,1143130.63,40088.18,16423.78,14245.19,862,177,19,19,6,4629,0.0902,Pass,Yes,0.0781,3.8,2023-08-26 08:00:00
Packaging,SKU0111,Vedanta,Katni Plant,WH-North,Air,High,323,41119.64,1888185.4,499775.17,35396.1,10547.69,524,227,25,17,14,1076,0.076,Pass,Yes,0.0519,3.1,2023-08-27 00:00:00
Raw Material,SKU0151,Tata Steel,Katni Plant,WH-North,Rail,Critical,734,20526.15,211331.38,561576.76,6791.16,2521.97,887,219,38,3,12,3464,0.0902,Pass,Yes,0.023,2.6,2023-08-27 16:00:00
Packaging,SKU0107,Vedanta,Bhopal Plant,WH-West,Air,Low,165,24475.05,545178.66,179784.06,19466.12,14056.85,207,206,25,16,11,145,0.053,Pass,No,0.0797,3.5,2023-08-28 08:00:00
Spare Parts,SKU0018,Tata Steel,Bhopal Plant,WH-Central,Courier,Medium,910,1161.7,1570977.24,43151.62,30335.28,8387.71,1334,216,39,14,5,1293,0.112,Pass,Yes,0.0716,2.8,2023-08-29 00:00:00
Spare Parts,SKU0038,JSW Steel,Katni Plant,WH-East,Air,High,742,20782.09,242537.55,297279.83,36214.51,11204.66,746,237,35,12,4,3442,0.0763,Pass,No,0.0416,4.8,2023-08-29 16:00:00
Spare Parts,SKU0115,Tata Steel,Nagpur Plant,WH-Central,Road,High,140,32564.82,197539.15,87889.44,78244.71,21462.84,148,218,41,12,4,4612,0.0353,Pass,Yes,0.0662,2.6,2023-08-30 08:00:00
Packaging,SKU0015,SAIL,Indore Plant,WH-West,Air,High,131,1267.66,755005.73,102017.5,65013.52,16124.98,1857,82,16,11,12,346,0.077,Fail,Yes,0.0654,3.6,2023-08-31 00:00:00
Spare Parts,SKU0192,Hindalco,Indore Plant,WH-North,Rail,Low,373,14403.66,229727.52,210866.37,59517.98,4614.78,437,260,12,17,4,3319,0.0351,Fail,Yes,0.0748,2.6,2023-08-31 16:00:00
Packaging,SKU0119,JSW Steel,Bhopal Plant,WH-Central,Air,Medium,163,10793.84,1190902.96,243419.66,43889.22,28881.02,154,278,23,8,11,4425,0.0359,Fail,Yes,0.0674,2.7,2023-09-01 08:00:00
Spare Parts,SKU0028,Tata Steel,Indore Plant,WH-Central,Air,Medium,818,2578.28,491236.74,428676.57,67519.83,19441.41,1701,260,25,17,13,891,0.0486,Pass,Yes,0.0519,4.1,2023-09-02 00:00:00
Finished Goods,SKU0039,Vedanta,Katni Plant,WH-North,Road,High,107,24223.37,1796611.03,545929.59,28467.18,23210.18,1113,146,2,11,13,736,0.1024,Pending,Yes,0.0491,4.1,2023-09-02 16:00:00
Spare Parts,SKU0185,JSW Steel,Katni Plant,WH-East,Air,Medium,203,9495.3,1577825.16,478289.04,57294.13,3297.18,1721,160,19,2,9,3875,0.0605,Fail,Yes,0.0379,2.6,2023-09-03 08:00:00
Packaging,SKU0017,JSW Steel,Bhopal Plant,WH-North,Air,Medium,926,37282.54,1414425.15,127204.67,79515.15,2364.69,1853,65,13,10,4,2521,0.0818,Pending,Yes,0.0505,2.5,2023-09-04 00:00:00
Semi-Finished,SKU0086,Tata Steel,Bhopal Plant,WH-Central,Courier,Critical,453,42472.43,1253040.85,145947.97,26541.05,1563.99,357,72,44,10,12,4933,0.0476,Pass,Yes,0.0638,2.7,2023-09-04 16:00:00
Spare Parts,SKU0126,JSW Steel,Bhopal Plant,WH-East,Courier,Low,677,27506.47,1733758.17,704227.71,54573.37,6475.03,1197,184,29,11,9,1188,0.0324,Pass,No,0.0776,4.4,2023-09-05 08:00:00
Semi-Finished,SKU0044,Vedanta,Nagpur Plant,WH-East,Rail,Critical,904,49094.51,484971.02,451098.33,67856.56,13017.84,1240,75,41,6,13,4283,0.1146,Fail,Yes,0.0379,4.0,2023-09-06 00:00:00
Finished Goods,SKU0025,JSW Steel,Indore Plant,WH-North,Courier,High,315,22798.69,1752562.24,697250.89,73432.99,28138.96,1930,145,8,4,10,3259,0.0728,Pass,Yes,0.0463,2.6,2023-09-06 16:00:00
Raw Material,SKU0145,Vedanta,Bhopal Plant,WH-Central,Courier,High,364,25911.73,1589509.98,303521.74,57998.75,14254.73,455,61,24,12,6,812,0.1121,Pass,Yes,0.0361,3.7,2023-09-07 08:00:00
Finished Goods,SKU0013,Tata Steel,Raipur Plant,WH-West,Courier,Medium,764,49466.28,1508913.61,495376.01,24121.42,9417.4,775,121,22,11,10,4796,0.0252,Fail,Yes,0.0538,4.3,2023-09-08 00:00:00
Spare Parts,SKU0025,Hindalco,Raipur Plant,WH-Central,Courier,Low,90,11961.65,1144448.57,423694.1,27450.01,17296.12,1632,182,35,13,13,3744,0.0185,Fail,Yes,0.0508,4.7,2023-09-08 16:00:00
Semi-Finished,SKU0068,JSW Steel,Katni Plant,WH-South,Road,High,154,47156.02,530176.11,262107.56,3619.13,4246.1,628,155,12,5,7,3990,0.1028,Pending,Yes,0.0024,4.8,2023-09-09 08:00:00
Semi-Finished,SKU0138,Hindalco,Indore Plant,WH-West,Courier,High,950,2620.46,875918.44,381233.14,61349.11,18675.67,1222,269,23,6,12,2686,0.082,Fail,Yes,0.0438,3.3,2023-09-10 00:00:00
Packaging,SKU0067,Vedanta,Bhopal Plant,WH-East,Road,High,939,22596.15,1597462.78,406967.79,5333.69,17484.53,831,166,43,1,10,4409,0.0232,Pass,Yes,0.008,2.8,2023-09-10 16:00:00
Semi-Finished,SKU0109,JSW Steel,Raipur Plant,WH-West,Road,Low,242,3965.17,111968.04,168609.07,69442.88,23967.8,485,246,36,6,3,2208,0.0331,Pass,No,0.0031,3.1,2023-09-11 08:00:00
Packaging,SKU0146,SAIL,Indore Plant,WH-East,Courier,High,450,36597.12,1574999.0,258858.19,11255.53,29613.94,532,226,30,18,8,4893,0.0963,Pass,Yes,0.0635,4.4,2023-09-12 00:00:00
Raw Material,SKU0111,Hindalco,Katni Plant,WH-East,Air,High,327,30616.24,518137.94,635213.7,15406.37,8275.33,199,75,43,9,3,3714,0.055,Pass,Yes,0.0214,4.9,2023-09-12 16:00:00
Spare Parts,SKU0111,JSW Steel,Nagpur Plant,WH-West,Road,High,403,35478.4,331402.94,733472.71,39169.06,15780.04,370,182,29,15,1,1342,0.0808,Pass,Yes,0.0279,3.7,2023-09-13 08:00:00
Packaging,SKU0034,Hindalco,Indore Plant,WH-East,Air,High,798,19036.78,275617.57,294237.33,59554.67,27357.1,1013,71,19,8,13,2159,0.0389,Pass,Yes,0.0061,3.3,2023-09-14 00:00:00
Raw Material,SKU0111,JSW Steel,Indore Plant,WH-East,Air,High,986,18789.36,103137.52,252508.1,12842.17,23770.51,1982,256,15,19,13,3586,0.0464,Pass,No,0.0152,3.6,2023-09-14 16:00:00
Semi-Finished,SKU0008,Tata Steel,Nagpur Plant,WH-South,Courier,High,782,2743.3,1070993.65,164205.76,36325.54,15134.78,852,62,19,16,10,4432,0.1189,Fail,Yes,0.0615,3.3,2023-09-15 08:00:00
Semi-Finished,SKU0168,Hindalco,Indore Plant,WH-Central,Rail,Low,629,17822.27,475606.75,546008.02,39662.4,28415.78,1471,205,29,6,12,3910,0.0305,Pending,Yes,0.04,3.1,2023-09-16 00:00:00
Raw Material,SKU0113,SAIL,Katni Plant,WH-Central,Courier,Medium,758,46499.78,1979391.94,265248.76,18558.28,2659.86,247,210,25,6,5,4000,0.0613,Fail,Yes,0.0706,4.0,2023-09-16 16:00:00
Semi-Finished,SKU0083,SAIL,Katni Plant,WH-South,Rail,Low,305,19271.71,1170151.67,790322.14,11013.55,27998.96,787,156,9,3,2,2705,0.1015,Fail,Yes,0.0324,2.5,2023-09-17 08:00:00
Raw Material,SKU0042,Vedanta,Nagpur Plant,WH-West,Rail,Medium,700,41652.7,318876.28,267290.99,67240.83,2464.71,263,72,43,10,10,4842,0.0295,Pass,Yes,0.0222,3.1,2023-09-18 00:00:00
Packaging,SKU0169,JSW Steel,Bhopal Plant,WH-North,Courier,Medium,873,42195.11,1393086.95,321367.48,41192.32,16871.84,1081,146,9,1,14,3134,0.0504,Pending,Yes,0.0285,4.2,2023-09-18 16:00:00
Packaging,SKU0101,Hindalco,Raipur Plant,WH-North,Courier,Low,996,18975.44,1800599.95,486634.02,3121.74,26822.79,1325,284,5,14,6,4668,0.0742,Pass,Yes,0.0573,2.6,2023-09-19 08:00:00
Raw Material,SKU0006,Vedanta,Bhopal Plant,WH-North,Rail,Medium,710,31783.44,1503100.02,643330.59,64632.54,8618.91,30,67,28,4,13,4307,0.0583,Pending,Yes,0.0448,2.7,2023-09-20 00:00:00
Packaging,SKU0180,Hindalco,Indore Plant,WH-South,Courier,Low,148,5220.89,199057.73,380919.75,78501.92,14695.21,1521,291,37,12,10,4151,0.0557,Pending,Yes,0.0724,3.2,2023-09-20 16:00:00
Packaging,SKU0026,JSW Steel,Raipur Plant,WH-South,Rail,High,637,5632.09,1796974.15,343898.27,49262.24,10405.54,1272,166,6,6,9,3463,0.0441,Pending,Yes,0.0486,4.7,2023-09-21 08:00:00
Packaging,SKU0064,SAIL,Nagpur Plant,WH-East,Air,Critical,331,2908.55,1598162.3,796553.89,41289.25,28612.17,604,79,34,11,1,4121,0.0708,Pass,Yes,0.0399,4.4,2023-09-22 00:00:00
Finished Goods,SKU0187,Tata Steel,Nagpur Plant,WH-North,Courier,Low,932,29260.25,358692.61,18289.98,70516.44,24885.72,1800,75,35,12,14,1945,0.0753,Pass,No,0.0631,2.6,2023-09-22 16:00:00
Spare Parts,SKU0184,SAIL,Raipur Plant,WH-West,Air,Critical,452,21590.51,150982.48,717101.58,76296.31,21561.04,1294,193,31,10,13,482,0.0787,Pass,Yes,0.0759,3.8,2023-09-23 08:00:00
Semi-Finished,SKU0059,Vedanta,Katni Plant,WH-West,Road,Medium,158,27627.6,1136755.62,127821.25,60853.88,18041.18,1629,254,9,18,4,4212,0.0094,Pass,Yes,0.0291,3.2,2023-09-24 00:00:00
Finished Goods,SKU0109,Tata Steel,Raipur Plant,WH-North,Air,Medium,749,26293.12,354269.83,630880.97,36745.33,24797.16,1689,88,40,7,1,4688,0.0761,Pass,Yes,0.0207,4.1,2023-09-24 16:00:00
Packaging,SKU0198,Vedanta,Indore Plant,WH-North,Air,Low,248,17835.05,1677452.36,498165.93,48193.27,12375.74,1417,210,27,7,1,3910,0.1144,Pass,Yes,0.0497,4.3,2023-09-25 08:00:00
Raw Material,SKU0121,JSW Steel,Katni Plant,WH-North,Rail,Medium,352,34034.93,748752.58,280059.36,56672.96,13979.0,1820,203,38,11,8,1996,0.0654,Pass,Yes,0.0404,4.7,2023-09-26 00:00:00
Packaging,SKU0033,Tata Steel,Nagpur Plant,WH-South,Air,High,376,38045.84,1830140.27,700361.21,17153.34,22170.05,501,225,35,4,14,1609,0.0861,Pass,No,0.0791,3.7,2023-09-26 16:00:00
Spare Parts,SKU0181,Vedanta,Raipur Plant,WH-South,Courier,High,203,1224.1,1153091.94,20196.71,36881.68,11374.89,1615,242,8,1,14,4312,0.0673,Fail,Yes,0.0375,5.0,2023-09-27 08:00:00
Packaging,SKU0150,JSW Steel,Bhopal Plant,WH-South,Rail,Low,601,10758.49,406211.15,189085.62,66726.06,2853.13,1827,290,41,13,13,1678,0.1027,Pass,Yes,0.0069,4.9,2023-09-28 00:00:00
Raw Material,SKU0021,SAIL,Bhopal Plant,WH-Central,Road,Low,694,35805.18,322217.79,457845.31,53068.58,3155.7,1107,215,29,18,14,979,0.1116,Fail,Yes,0.0782,4.7,2023-09-28 16:00:00
Spare Parts,SKU0198,JSW Steel,Indore Plant,WH-West,Courier,Medium,454,19637.7,1174121.25,287718.39,34073.92,4345.52,1388,179,40,9,11,2262,0.0229,Fail,Yes,0.0676,3.9,2023-09-29 08:00:00
Packaging,SKU0070,Hindalco,Bhopal Plant,WH-West,Road,Medium,511,33292.96,1535673.04,492198.22,53742.28,26220.76,885,162,40,9,2,1672,0.053,Pass,Yes,0.0151,3.5,2023-09-30 00:00:00
Spare Parts,SKU0112,JSW Steel,Raipur Plant,WH-East,Air,Medium,181,17674.65,1573936.01,29047.05,11221.35,14694.57,548,183,29,9,1,1748,0.0477,Pending,No,0.0725,3.4,2023-09-30 16:00:00
Semi-Finished,SKU0004,JSW Steel,Raipur Plant,WH-South,Courier,Medium,840,19842.38,587726.94,102002.56,33316.81,21673.59,1365,95,15,10,11,4839,0.0492,Pass,Yes,0.0279,2.5,2023-10-01 08:00:00
Semi-Finished,SKU0094,Hindalco,Bhopal Plant,WH-Central,Courier,High,923,8354.6,448281.18,110406.03,63864.03,12394.37,838,99,39,2,8,1459,0.0159,Pass,Yes,0.0308,3.1,2023-10-02 00:00:00
Packaging,SKU0075,Vedanta,Raipur Plant,WH-Central,Road,Critical,133,13282.44,82674.79,159534.08,19199.69,8502.62,1430,215,5,6,4,4531,0.0978,Pass,Yes,0.0726,4.3,2023-10-02 16:00:00
Spare Parts,SKU0190,Vedanta,Indore Plant,WH-West,Courier,Medium,448,30467.88,1374438.34,372871.84,16505.0,11068.57,1448,155,43,15,3,3069,0.0053,Pass,Yes,0.0429,4.0,2023-10-03 08:00:00
Raw Material,SKU0062,JSW Steel,Katni Plant,WH-South,Courier,Critical,803,21941.57,199308.1,604181.67,76163.86,24031.29,1767,265,19,3,13,4060,0.0639,Pass,No,0.0119,4.8,2023-10-04 00:00:00
Packaging,SKU0094,Hindalco,Indore Plant,WH-East,Courier,Medium,677,38827.98,870484.34,725375.68,18372.02,19131.27,1116,195,26,11,12,3911,0.0798,Pass,Yes,0.0302,2.6,2023-10-04 16:00:00
Semi-Finished,SKU0095,Hindalco,Indore Plant,WH-South,Air,Medium,158,42702.96,1223280.22,669944.3,22351.65,28191.55,847,204,8,6,4,4342,0.0257,Pass,Yes,0.058,2.9,2023-10-05 08:00:00
Semi-Finished,SKU0152,SAIL,Raipur Plant,WH-North,Road,Medium,270,27311.5,1877362.44,165541.42,77630.04,20711.44,613,218,39,3,14,4317,0.1088,Pass,Yes,0.0148,4.5,2023-10-06 00:00:00
Packaging,SKU0055,Vedanta,Katni Plant,WH-South,Courier,High,953,38034.23,658014.17,358508.94,59307.27,17535.27,411,121,29,11,11,180,0.1008,Pass,No,0.0476,3.4,2023-10-06 16:00:00
Spare Parts,SKU0137,Tata Steel,Raipur Plant,WH-North,Rail,Critical,602,15691.77,537055.72,167535.16,56568.53,18695.68,431,269,6,15,5,2832,0.0571,Pass,No,0.0559,2.8,2023-10-07 08:00:00
Semi-Finished,SKU0131,Vedanta,Nagpur Plant,WH-North,Rail,High,417,21041.08,1325612.3,218932.74,68528.26,28328.77,677,123,4,13,1,2809,0.0499,Pass,Yes,0.0282,5.0,2023-10-08 00:00:00
Spare Parts,SKU0031,Vedanta,Raipur Plant,WH-East,Rail,Medium,196,35782.49,1257516.11,407802.12,11034.2,23857.83,158,66,32,10,14,2522,0.0292,Pass,Yes,0.0558,4.5,2023-10-08 16:00:00
Semi-Finished,SKU0040,SAIL,Raipur Plant,WH-West,Rail,High,161,19617.49,697614.08,63806.13,57064.59,1697.2,13,296,43,6,11,3741,0.0879,Pass,Yes,0.0709,3.5,2023-10-09 08:00:00
Semi-Finished,SKU0036,Tata Steel,Raipur Plant,WH-South,Air,Low,664,29630.99,1859798.58,182357.72,41287.71,16490.05,372,239,21,15,1,4699,0.0167,Pass,Yes,0.0383,4.6,2023-10-10 00:00:00
Finished Goods,SKU0152,SAIL,Katni Plant,WH-North,Courier,High,607,9675.95,1697481.54,748948.75,66673.75,20961.81,224,206,20,18,3,767,0.0819,Pass,Yes,0.0312,4.2,2023-10-10 16:00:00
Semi-Finished,SKU0006,Tata Steel,Raipur Plant,WH-South,Road,Medium,973,30188.68,486765.96,378231.87,41635.05,22712.26,1528,235,12,18,6,2596,0.1013,Pending,Yes,0.0208,4.5,2023-10-11 08:00:00
Raw Material,SKU0066,JSW Steel,Katni Plant,WH-West,Courier,Medium,543,43144.93,516327.96,361855.36,50378.83,7181.12,1096,119,41,7,1,3599,0.0282,Pass,Yes,0.0487,4.5,2023-10-12 00:00:00
Packaging,SKU0075,Tata Steel,Bhopal Plant,WH-West,Air,Medium,554,43497.66,1048985.68,21508.05,39263.89,26148.14,1272,255,4,15,14,3598,0.1041,Fail,Yes,0.0705,2.7,2023-10-12 16:00:00
Packaging,SKU0004,SAIL,Nagpur Plant,WH-Central,Rail,High,524,36355.05,1558465.6,205445.8,39296.4,28719.45,510,199,24,18,11,1544,0.005,Pending,No,0.0266,4.1,2023-10-13 08:00:00
Spare Parts,SKU0079,Vedanta,Katni Plant,WH-West,Air,Low,885,37414.79,135878.74,694371.02,61901.66,7864.74,602,295,8,18,12,1445,0.1096,Pass,Yes,0.0323,2.5,2023-10-14 00:00:00
Semi-Finished,SKU0134,Tata Steel,Bhopal Plant,WH-East,Courier,High,939,28117.41,1402003.55,140056.46,51028.18,26595.85,215,55,24,9,2,1289,0.0151,Pass,Yes,0.0331,2.6,2023-10-14 16:00:00
Raw Material,SKU0118,Tata Steel,Katni Plant,WH-North,Road,Medium,320,29441.07,1314060.0,337948.7,51394.53,3812.38,1996,75,8,2,12,558,0.0778,Pending,Yes,0.0453,4.8,2023-10-15 08:00:00
Spare Parts,SKU0113,Hindalco,Katni Plant,WH-Central,Air,High,470,7115.7,501386.19,21321.42,37122.03,2615.5,1625,216,35,8,14,1312,0.0308,Fail,Yes,0.019,3.8,2023-10-16 00:00:00
Finished Goods,SKU0094,Vedanta,Nagpur Plant,WH-East,Road,High,946,22471.03,1378638.38,387885.03,43426.54,4747.49,1564,189,43,2,7,4659,0.1005,Pass,Yes,0.066,4.3,2023-10-16 16:00:00
Spare Parts,SKU0179,JSW Steel,Indore Plant,WH-South,Air,High,756,22813.43,1883357.22,26606.67,60165.98,2674.49,1970,148,20,11,14,1011,0.062,Fail,No,0.0244,4.6,2023-10-17 08:00:00
Spare Parts,SKU0062,SAIL,Indore Plant,WH-North,Road,Medium,416,47945.64,141232.4,657491.55,66423.39,25505.35,1840,191,10,7,14,1125,0.0171,Fail,Yes,0.0567,4.9,2023-10-18 00:00:00
Semi-Finished,SKU0185,JSW Steel,Katni Plant,WH-West,Road,Medium,329,21838.8,673321.51,661634.48,56331.79,2712.45,1962,71,19,6,1,2511,0.0689,Pass,No,0.0415,4.7,2023-10-18 16:00:00
Finished Goods,SKU0194,Vedanta,Raipur Plant,WH-North,Rail,Low,332,27692.46,904444.6,632316.33,74077.69,8878.26,987,100,42,10,13,171,0.0495,Pending,Yes,0.0473,3.7,2023-10-19 08:00:00
Spare Parts,SKU0079,Tata Steel,Bhopal Plant,WH-South,Road,High,89,26895.94,1803557.7,233857.61,65985.28,4008.93,1243,200,43,5,14,2785,0.0797,Pass,Yes,0.0152,3.3,2023-10-20 00:00:00
Raw Material,SKU0136,Tata Steel,Raipur Plant,WH-Central,Rail,Medium,238,32019.7,1926409.82,671417.4,45825.38,9567.24,839,225,26,11,7,1293,0.1059,Pass,Yes,0.0591,2.9,2023-10-20 16:00:00
Raw Material,SKU0026,Vedanta,Raipur Plant,WH-Central,Courier,Medium,213,37537.53,916024.73,438968.52,54369.67,3626.22,726,248,15,1,4,1948,0.0497,Pending,Yes,0.0159,3.5,2023-10-21 08:00:00
Packaging,SKU0179,Tata Steel,Katni Plant,WH-Central,Courier,Medium,585,11639.57,1512555.4,305308.41,74252.05,20372.09,1244,153,26,2,10,2484,0.0355,Fail,Yes,0.01,3.4,2023-10-22 00:00:00
Finished Goods,SKU0173,Tata Steel,Katni Plant,WH-West,Rail,Low,585,26671.86,1086739.0,504010.67,50295.11,4866.48,1412,227,20,1,14,2122,0.0027,Pass,No,0.0442,3.9,2023-10-22 16:00:00
Finished Goods,SKU0044,Tata Steel,Katni Plant,WH-East,Rail,High,53,41382.93,1098676.72,19749.43,66334.94,25703.53,553,138,40,19,6,3841,0.0694,Pass,No,0.057,4.2,2023-10-23 08:00:00
Packaging,SKU0133,SAIL,Katni Plant,WH-East,Air,Low,884,23424.18,592294.05,122939.09,55727.22,24698.54,1670,190,16,2,14,4848,0.0489,Pass,No,0.005,4.9,2023-10-24 00:00:00
Spare Parts,SKU0070,SAIL,Indore Plant,WH-North,Air,High,339,14283.65,473064.68,596411.9,45051.04,1396.19,1065,262,17,4,8,1398,0.0456,Fail,No,0.0065,4.3,2023-10-24 16:00:00
Finished Goods,SKU0154,Hindalco,Katni Plant,WH-West,Air,Medium,482,32908.1,611610.42,202887.67,20863.38,26976.06,675,282,28,12,9,4202,0.0228,Fail,No,0.0644,4.1,2023-10-25 08:00:00
Raw Material,SKU0118,JSW Steel,Indore Plant,WH-Central,Courier,Low,520,41276.49,1134839.61,482427.2,35227.81,1839.39,872,187,41,18,6,1004,0.0522,Pending,Yes,0.0649,3.3,2023-10-26 00:00:00
Raw Material,SKU0068,Vedanta,Indore Plant,WH-Central,Air,Medium,230,3625.44,106852.61,314231.06,77483.94,7949.73,282,294,11,1,12,3126,0.1181,Pending,Yes,0.0204,2.6,2023-10-26 16:00:00
Semi-Finished,SKU0019,Vedanta,Katni Plant,WH-South,Road,Low,297,38951.13,1819135.44,685296.57,53305.7,1939.28,1081,232,5,1,11,2128,0.0364,Pass,Yes,0.0496,3.2,2023-10-27 08:00:00
Finished Goods,SKU0020,Vedanta,Nagpur Plant,WH-South,Road,Medium,677,41171.57,354753.23,762408.09,46022.84,10739.46,1837,58,20,14,13,4811,0.0724,Pass,Yes,0.036,4.4,2023-10-28 00:00:00
Spare Parts,SKU0113,Hindalco,Bhopal Plant,WH-Central,Air,High,328,23345.38,479172.92,708016.14,74770.62,15902.13,833,128,29,4,14,2720,0.0934,Pass,Yes,0.051,3.0,2023-10-28 16:00:00
Packaging,SKU0140,SAIL,Raipur Plant,WH-Central,Road,Low,926,49173.63,1060638.54,223789.8,47747.92,24102.7,536,101,22,5,9,2746,0.0901,Fail,Yes,0.0692,4.3,2023-10-29 08:00:00
Packaging,SKU0047,Hindalco,Indore Plant,WH-West,Courier,High,630,39442.06,1434723.79,163388.67,43034.44,10801.46,1096,179,15,11,4,4965,0.0401,Pass,Yes,0.0073,3.9,2023-10-30 00:00:00
Spare Parts,SKU0001,Vedanta,Bhopal Plant,WH-East,Road,Low,912,38796.3,236671.66,384803.57,61226.25,21459.21,1908,202,34,13,6,2389,0.0737,Pass,No,0.0625,2.9,2023-10-30 16:00:00
Semi-Finished,SKU0090,JSW Steel,Nagpur Plant,WH-South,Courier,Medium,303,37518.01,669504.66,15793.98,57587.92,6437.63,922,62,11,16,8,3972,0.1047,Pass,Yes,0.0399,3.2,2023-10-31 08:00:00
Packaging,SKU0142,Tata Steel,Raipur Plant,WH-East,Rail,High,230,7955.1,1938915.48,30389.42,17066.48,22767.36,1152,275,20,13,9,1585,0.0028,Pass,Yes,0.0456,3.7,2023-11-01 00:00:00
Finished Goods,SKU0064,SAIL,Raipur Plant,WH-West,Rail,Medium,879,11252.93,561568.79,447099.61,38762.05,7843.9,1622,100,31,2,3,3251,0.0529,Pass,No,0.0527,3.5,2023-11-01 16:00:00
Semi-Finished,SKU0038,SAIL,Indore Plant,WH-Central,Rail,Low,730,23467.51,660447.78,421155.03,38856.2,5162.8,841,235,23,16,2,1540,0.0277,Pass,No,0.0739,4.4,2023-11-02 08:00:00
Finished Goods,SKU0037,Hindalco,Katni Plant,WH-East,Rail,Medium,874,13568.22,1681172.06,795719.77,31501.51,6376.86,1449,83,4,6,6,865,0.0472,Pass,Yes,0.0055,4.3,2023-11-03 00:00:00
Raw Material,SKU0126,SAIL,Nagpur Plant,WH-Central,Road,Medium,558,21054.43,147918.14,169455.05,42348.89,6279.83,947,84,38,14,4,4579,0.0505,Pass,No,0.0033,3.9,2023-11-03 16:00:00
Semi-Finished,SKU0139,Vedanta,Indore Plant,WH-Central,Air,High,810,44478.97,955995.68,213902.1,34222.38,15873.02,664,279,42,1,1,2538,0.0899,Pass,No,0.0151,4.6,2023-11-04 08:00:00
Packaging,SKU0100,Vedanta,Nagpur Plant,WH-North,Road,Medium,749,41304.18,790252.69,99697.11,17548.95,25499.13,1717,180,19,17,8,4192,0.0122,Pass,No,0.0789,3.9,2023-11-05 00:00:00
Semi-Finished,SKU0077,Hindalco,Katni Plant,WH-East,Courier,High,615,31686.97,667344.18,734858.98,34164.59,3308.55,1148,283,12,11,9,4883,0.062,Pass,No,0.0575,4.9,2023-11-05 16:00:00
Semi-Finished,SKU0003,Vedanta,Katni Plant,WH-East,Road,High,375,42976.96,607114.21,624470.88,7637.6,21501.73,66,169,3,19,14,1249,0.0681,Fail,Yes,0.0496,3.0,2023-11-06 08:00:00
Semi-Finished,SKU0161,JSW Steel,Indore Plant,WH-Central,Road,Medium,406,39296.73,228179.5,659647.9,46911.3,19976.05,5,236,13,3,9,3665,0.0598,Pass,Yes,0.0047,4.3,2023-11-07 00:00:00
Semi-Finished,SKU0134,Hindalco,Katni Plant,WH-West,Courier,Critical,874,21734.75,663910.37,723183.39,68585.05,26303.08,636,119,7,11,2,4242,0.0881,Fail,Yes,0.0704,3.4,2023-11-07 16:00:00
Finished Goods,SKU0178,JSW Steel,Bhopal Plant,WH-North,Rail,Medium,699,10452.73,133952.19,424670.99,58572.39,8080.28,313,296,44,5,9,2072,0.0467,Fail,Yes,0.0652,3.2,2023-11-08 08:00:00
Raw Material,SKU0010,Tata Steel,Raipur Plant,WH-Central,Rail,Critical,729,25952.95,1572879.53,366442.62,30110.74,14053.19,1349,225,41,17,7,2766,0.1135,Pass,Yes,0.0535,3.0,2023-11-09 00:00:00
Spare Parts,SKU0005,JSW Steel,Indore Plant,WH-South,Rail,Low,440,36943.33,826544.2,271009.26,8791.55,27848.99,564,241,30,7,5,563,0.0583,Pass,Yes,0.0278,3.9,2023-11-09 16:00:00
Semi-Finished,SKU0151,Tata Steel,Nagpur Plant,WH-South,Air,High,664,22102.77,915612.47,475479.55,17767.65,20139.81,1601,290,31,10,7,4318,0.069,Pending,Yes,0.0066,3.0,2023-11-10 08:00:00
Packaging,SKU0138,Tata Steel,Bhopal Plant,WH-North,Courier,Medium,983,33505.21,1792509.44,368879.93,44548.25,12274.28,825,196,3,11,13,2281,0.0992,Fail,Yes,0.0468,3.0,2023-11-11 00:00:00
Semi-Finished,SKU0172,JSW Steel,Indore Plant,WH-West,Courier,Medium,134,5169.21,1333207.22,366736.81,18150.45,4810.96,505,116,10,3,9,1742,0.0338,Pending,Yes,0.0579,5.0,2023-11-11 16:00:00
Packaging,SKU0130,Hindalco,Katni Plant,WH-Central,Road,High,366,37526.23,65715.25,750173.01,44429.9,8612.07,1105,259,3,10,8,3988,0.0099,Fail,No,0.0084,4.5,2023-11-12 08:00:00
Finished Goods,SKU0013,Vedanta,Katni Plant,WH-East,Air,High,261,40729.32,1889190.9,787384.9,20064.72,17855.25,1622,152,30,10,6,940,0.0852,Pass,Yes,0.0511,4.4,2023-11-13 00:00:00
Packaging,SKU0168,Vedanta,Katni Plant,WH-North,Rail,Low,564,35488.47,512431.71,639222.67,68216.06,21826.87,1025,122,34,14,13,2754,0.0585,Pass,Yes,0.0236,4.5,2023-11-13 16:00:00
Spare Parts,SKU0130,Tata Steel,Katni Plant,WH-West,Air,Low,433,48379.55,259847.66,607838.89,32987.17,4608.23,203,165,11,12,4,4218,0.1077,Pass,Yes,0.0614,4.9,2023-11-14 08:00:00
Raw Material,SKU0084,Tata Steel,Nagpur Plant,WH-East,Courier,High,740,41419.28,1547849.95,547640.95,21152.95,18388.32,661,253,35,15,13,665,0.1179,Pass,Yes,0.0436,3.9,2023-11-15 00:00:00
Packaging,SKU0065,Hindalco,Bhopal Plant,WH-South,Courier,High,391,45203.14,1025930.77,141199.13,65361.44,16960.19,804,182,9,10,1,1064,0.0485,Pass,No,0.0112,3.1,2023-11-15 16:00:00
Packaging,SKU0063,SAIL,Raipur Plant,WH-South,Road,Critical,864,46711.77,895852.6,56693.6,28741.44,15904.71,403,116,38,10,6,2382,0.0504,Fail,Yes,0.0426,4.7,2023-11-16 08:00:00
Raw Material,SKU0101,JSW Steel,Nagpur Plant,WH-East,Road,High,893,40166.73,536531.01,555673.79,10696.04,21013.57,1126,188,34,19,3,1095,0.0495,Pass,Yes,0.0323,4.4,2023-11-17 00:00:00
Spare Parts,SKU0073,Tata Steel,Nagpur Plant,WH-North,Courier,Critical,87,33875.81,1117569.41,585741.12,46491.94,25286.04,535,170,7,1,6,1287,0.0396,Pass,Yes,0.0152,3.5,2023-11-17 16:00:00
Semi-Finished,SKU0017,Vedanta,Raipur Plant,WH-South,Rail,High,560,783.07,585049.98,47108.66,47362.01,10366.7,1391,143,41,10,6,4411,0.094,Fail,Yes,0.0675,3.7,2023-11-18 08:00:00
Packaging,SKU0009,Hindalco,Raipur Plant,WH-Central,Rail,Medium,469,23558.37,1808086.86,743160.88,57746.26,26781.35,1235,245,20,2,14,3354,0.0913,Fail,Yes,0.0019,3.5,2023-11-19 00:00:00
Raw Material,SKU0143,JSW Steel,Katni Plant,WH-East,Air,Low,800,28772.53,469648.74,82001.11,20737.12,5658.37,576,246,33,17,4,756,0.058,Pass,Yes,0.0257,4.8,2023-11-19 16:00:00
Finished Goods,SKU0152,Hindalco,Nagpur Plant,WH-East,Courier,High,218,15549.5,1774492.54,235861.42,36614.16,6017.69,1984,178,28,7,2,3082,0.0063,Fail,Yes,0.002,3.4,2023-11-20 08:00:00
Raw Material,SKU0038,JSW Steel,Indore Plant,WH-South,Courier,High,958,16246.17,1140840.58,541187.95,24024.7,8736.39,1232,140,2,7,9,1213,0.0378,Pending,No,0.0086,4.9,2023-11-21 00:00:00
Finished Goods,SKU0163,JSW Steel,Raipur Plant,WH-North,Rail,Low,392,48077.39,1665551.86,144199.35,8314.39,4466.4,762,141,44,9,2,4506,0.0358,Pass,Yes,0.0245,4.8,2023-11-21 16:00:00
Spare Parts,SKU0094,Tata Steel,Raipur Plant,WH-Central,Rail,Medium,875,44639.69,1440049.69,53778.55,70375.88,7679.26,1920,112,34,2,3,656,0.0975,Pass,Yes,0.0053,4.1,2023-11-22 08:00:00
Semi-Finished,SKU0095,Hindalco,Bhopal Plant,WH-North,Courier,Critical,355,42534.36,1408555.47,271605.73,58851.84,4085.94,116,78,41,14,10,3119,0.0114,Pass,Yes,0.0481,3.9,2023-11-23 00:00:00
Raw Material,SKU0049,Hindalco,Indore Plant,WH-West,Road,Medium,591,20597.58,682474.33,615117.54,25514.12,24830.82,627,259,33,17,1,2404,0.0969,Pass,Yes,0.0079,3.4,2023-11-23 16:00:00
Packaging,SKU0069,Vedanta,Indore Plant,WH-West,Courier,Medium,751,1178.08,506099.02,336806.16,48751.09,5030.1,748,61,6,1,7,2680,0.0806,Pass,Yes,0.0564,2.5,2023-11-24 08:00:00
Spare Parts,SKU0062,Vedanta,Raipur Plant,WH-South,Courier,Medium,918,4471.0,461228.14,525848.61,17698.58,22671.63,1501,126,18,9,1,151,0.0882,Pending,Yes,0.0052,2.8,2023-11-25 00:00:00
Raw Material,SKU0188,Tata Steel,Katni Plant,WH-South,Rail,Medium,586,15953.72,1721523.73,467899.09,71438.46,2389.5,104,90,9,19,11,1461,0.0524,Fail,No,0.0057,4.4,2023-11-25 16:00:00
Packaging,SKU0178,Tata Steel,Bhopal Plant,WH-South,Rail,Medium,161,1279.27,1649832.3,27552.6,10962.69,28507.09,494,179,43,4,9,1294,0.0819,Fail,Yes,0.0251,3.7,2023-11-26 08:00:00
Raw Material,SKU0078,SAIL,Indore Plant,WH-West,Road,Medium,460,1348.91,909118.38,790946.59,2299.3,21623.64,1794,86,35,8,11,4119,0.0735,Pending,No,0.0718,2.9,2023-11-27 00:00:00
Finished Goods,SKU0117,Vedanta,Raipur Plant,WH-North,Road,Low,996,45871.86,308189.0,42728.19,41156.64,1197.1,45,222,10,13,11,3238,0.0925,Pending,Yes,0.0517,3.2,2023-11-27 16:00:00
Raw Material,SKU0120,JSW Steel,Indore Plant,WH-North,Air,High,255,35454.85,795391.89,774564.16,47483.97,23151.84,822,257,24,4,1,1748,0.0542,Pass,No,0.0618,4.9,2023-11-28 08:00:00
Raw Material,SKU0137,Hindalco,Bhopal Plant,WH-South,Courier,Medium,234,15793.32,1257719.74,444392.7,47159.29,15908.38,1354,225,36,9,5,771,0.0573,Pass,Yes,0.0122,3.4,2023-11-29 00:00:00
Raw Material,SKU0162,Tata Steel,Bhopal Plant,WH-Central,Rail,High,431,7065.91,936086.15,770895.63,6251.93,23601.59,1239,73,8,9,7,877,0.0776,Fail,No,0.0669,4.8,2023-11-29 16:00:00
